timestamp,ticker,open,high,low,close,volume,vwap,transactions
2021-04-29,MSFT,255.46,256.1,249.0,252.51,40589023.0,251.8285,556646
2021-04-30,MSFT,249.74,253.08,249.6,252.18,30945098.0,251.6108,358913
2021-05-03,MSFT,253.4,254.35,251.12,251.86,19426568.0,252.3653,300183
2021-05-04,MSFT,250.97,251.21,245.76,247.79,32756052.0,247.5786,444266
2021-05-05,MSFT,249.06,249.5,245.82,246.47,21888125.0,247.7274,276824
2021-05-06,MSFT,246.45,249.86,244.69,249.73,26478085.0,247.6608,336494
2021-05-07,MSFT,252.15,254.3,251.17,252.46,27032912.0,252.7538,303497
2021-05-10,MSFT,250.87,251.73,247.12,247.18,29299890.0,248.6859,303212
2021-05-11,MSFT,244.55,246.6,242.57,246.23,33641589.0,245.2323,389102
2021-05-12,MSFT,242.165,244.38,238.07,239.0,36684370.0,240.0312,436656
2021-05-13,MSFT,241.8,245.6,241.42,243.03,29585298.0,243.3712,367834
2021-05-14,MSFT,245.575,249.18,245.49,248.15,23901081.0,247.9397,279555
2021-05-17,MSFT,246.55,246.59,243.52,245.18,24970168.0,244.8521,292523
2021-05-18,MSFT,246.27,246.41,242.9,243.08,20167975.0,244.6274,235575
2021-05-19,MSFT,239.31,243.23,238.6,243.12,25739807.0,241.5888,340725
2021-05-20,MSFT,243.96,247.95,243.86,246.48,21800716.0,246.5319,226710
2021-05-21,MSFT,247.565,248.33,244.74,245.17,21830058.0,245.9809,233481
2021-05-24,MSFT,247.785,251.16,247.51,250.78,21411547.0,250.3348,239776
2021-05-25,MSFT,251.769,252.75,250.82,251.72,17700303.0,251.4842,212083
2021-05-26,MSFT,251.43,252.94,250.75,251.49,17771600.0,251.3609,195777
2021-05-27,MSFT,251.17,251.48,249.25,249.31,24426244.0,249.9316,223093
2021-05-28,MSFT,250.995,252.08,249.56,249.68,18265642.0,250.6562,190179
2021-06-01,MSFT,251.23,251.29,246.96,247.4,23213310.0,248.592,266678
2021-06-02,MSFT,248.125,249.27,245.84,247.3,19406705.0,247.6484,231542
2021-06-03,MSFT,245.22,246.34,243.0,245.71,25108111.0,245.0698,254084
2021-06-04,MSFT,247.76,251.65,247.51,250.79,25281094.0,250.2145,246739
2021-06-07,MSFT,249.98,254.09,249.81,253.81,23079167.0,252.6622,239409
2021-06-08,MSFT,255.16,256.01,252.51,252.57,22454998.0,253.5686,239693
2021-06-09,MSFT,253.81,255.53,253.21,253.59,17937634.0,254.2112,210570
2021-06-10,MSFT,254.29,257.46,253.67,257.24,24563619.0,256.4281,264424
2021-06-11,MSFT,257.985,258.4868,256.61,257.89,18949731.0,257.5993,220398
2021-06-14,MSFT,257.9,259.95,256.8,259.89,19150507.0,258.7219,198533
2021-06-15,MSFT,259.775,259.99,257.68,258.36,18016931.0,258.6822,209487
2021-06-16,MSFT,259.4,260.58,254.42,257.38,27219955.0,257.8147,308926
2021-06-17,MSFT,256.065,261.75,256.01,260.9,27565537.0,260.038,304743
2021-06-18,MSFT,259.63,262.3,258.75,259.43,37162767.0,260.1638,316742
2021-06-21,MSFT,259.82,263.52,257.92,262.63,26696119.0,261.9392,298361
2021-06-22,MSFT,262.72,265.79,262.4,265.51,24694090.0,264.7953,253763
2021-06-23,MSFT,265.99,266.83,264.43,265.275,19518681.0,265.3424,236577
2021-06-24,MSFT,266.16,267.85,265.47,266.69,21346867.0,266.7737,235958
2021-06-25,MSFT,266.23,267.25,264.76,265.02,23891113.0,265.3848,215061
2021-06-28,MSFT,266.185,268.9,265.91,268.72,19590024.0,268.1287,239210
2021-06-29,MSFT,268.865,271.65,267.98,271.4,19921311.0,270.4822,238419
2021-06-30,MSFT,270.69,271.3598,269.6043,270.9,21547257.0,270.6723,232757
2021-07-01,MSFT,269.61,271.84,269.6,271.6,16725323.0,270.7933,196894
2021-07-02,MSFT,272.82,278.0,272.5,277.65,26474408.0,276.3861,283710
2021-07-06,MSFT,278.03,279.3698,274.3,277.66,31565556.0,277.4582,365687
2021-07-07,MSFT,279.4,280.6945,277.15,279.93,23260031.0,279.6527,299189
2021-07-08,MSFT,276.9,278.73,274.87,277.42,24605941.0,277.1555,333194
2021-07-09,MSFT,275.72,278.05,275.32,277.94,23676665.0,277.0749,264353
2021-07-12,MSFT,279.157,279.77,276.58,277.32,18931695.0,277.5176,212250
2021-07-13,MSFT,277.52,282.8477,277.39,280.98,26120128.0,281.0168,305657
2021-07-14,MSFT,282.345,283.66,280.55,282.51,23113662.0,282.6312,268304
2021-07-15,MSFT,282.0,282.51,279.83,281.03,22604227.0,281.0044,296274
2021-07-16,MSFT,282.07,284.1,279.46,280.75,26186848.0,281.6857,283333
2021-07-19,MSFT,278.9335,280.37,274.45,277.01,32935634.0,277.0244,405114
2021-07-20,MSFT,278.03,280.97,276.26,279.32,26259741.0,279.0782,267195
2021-07-21,MSFT,278.905,281.52,277.29,281.4,24364320.0,280.489,254890
2021-07-22,MSFT,283.84,286.42,283.42,286.14,23384059.0,285.5054,257353
2021-07-23,MSFT,287.37,289.99,286.5,289.67,22767371.0,288.9299,277182
2021-07-26,MSFT,289.0,289.69,286.642,289.05,23153573.0,288.5004,260023
2021-07-27,MSFT,289.43,289.575,282.95,286.54,33592179.0,285.3983,427018
2021-07-28,MSFT,288.99,290.15,283.8303,286.22,33506853.0,287.211,392256
2021-07-29,MSFT,286.235,288.618,286.08,286.5,18168294.0,286.8593,227631
2021-07-30,MSFT,285.17,286.66,283.91,284.91,20944846.0,284.9562,258726
2021-08-02,MSFT,286.36,286.775,283.74,284.82,16261757.0,285.2642,216148
2021-08-03,MSFT,285.42,287.23,284.0,287.12,17879048.0,286.0974,227749
2021-08-04,MSFT,286.22,287.5883,284.65,286.51,16187331.0,286.3071,204550
2021-08-05,MSFT,286.88,289.63,286.1,289.52,13900167.0,288.4802,184739
2021-08-06,MSFT,288.505,289.5,287.6238,289.46,16589336.0,288.8028,175525
2021-08-09,MSFT,289.75,291.55,287.81,288.33,16117629.0,288.6941,189324
2021-08-10,MSFT,288.8,289.25,285.2,286.44,18616578.0,286.8988,211784
2021-08-11,MSFT,287.21,288.66,285.86,286.95,13955934.0,286.9447,189792
2021-08-12,MSFT,286.63,289.97,286.34,289.81,14570391.0,289.0645,174282
2021-08-13,MSFT,289.48,292.9,289.3,292.85,18249046.0,291.3639,192365
2021-08-16,MSFT,293.19,294.82,290.02,294.6,22516027.0,293.0005,255726
2021-08-17,MSFT,292.39,293.43,291.08,293.08,20075250.0,292.6055,262741
2021-08-18,MSFT,292.04,294.82,290.27,290.73,21619885.0,292.5995,251718
2021-08-19,MSFT,288.6935,297.47,288.64,296.77,29850461.0,294.7394,356371
2021-08-20,MSFT,299.72,305.84,298.06,304.36,40815006.0,303.5992,424370
2021-08-23,MSFT,303.245,305.4,301.85,304.65,22820157.0,304.2828,273395
2021-08-24,MSFT,305.02,305.65,302.0035,302.62,18153274.0,303.0899,239282
2021-08-25,MSFT,304.3,304.59,300.42,302.01,19906057.0,301.9554,227170
2021-08-26,MSFT,300.99,302.429,298.95,299.09,17666084.0,300.2966,243800
2021-08-27,MSFT,298.987,300.87,296.83,299.72,22605726.0,299.2422,242943
2021-08-30,MSFT,301.115,304.22,301.06,303.59,16348072.0,303.2701,209224
2021-08-31,MSFT,304.42,304.5,301.5,301.88,26274238.0,302.7647,234756
2021-09-01,MSFT,302.865,305.19,301.49,301.83,18914026.0,303.0256,244910
2021-09-02,MSFT,302.2,303.3602,300.18,301.15,16290545.0,301.3689,227810
2021-09-03,MSFT,300.99,302.6,300.26,301.14,14751609.0,301.4777,181614
2021-09-07,MSFT,301.005,301.09,298.2,300.18,17369332.0,299.9436,270623
2021-09-08,MSFT,299.78,300.61,297.4651,300.21,15046819.0,299.1185,246198
2021-09-09,MSFT,300.82,302.14,297.0,297.25,19927000.0,298.6934,274731
2021-09-10,MSFT,298.415,299.92,295.38,295.71,19633363.0,297.3192,296248
2021-09-13,MSFT,297.55,298.54,294.08,296.99,23931707.0,296.1317,309936
2021-09-14,MSFT,299.56,301.39,298.1,299.79,22189292.0,299.9204,279350
2021-09-15,MSFT,303.26,305.32,301.82,304.82,28728377.0,303.9982,351816
2021-09-16,MSFT,303.76,305.31,300.76,305.22,19550815.0,303.5104,251476
2021-09-17,MSFT,304.17,304.5,299.53,299.87,41372456.0,301.0029,330843
2021-09-20,MSFT,296.33,298.72,289.52,294.3,38278661.0,293.8269,546438
2021-09-21,MSFT,295.69,297.54,294.07,294.8,22364103.0,295.6193,297336
2021-09-22,MSFT,296.725,300.22,294.51,298.58,26626342.0,298.1538,337059
2021-09-23,MSFT,298.845,300.9,297.5339,299.56,18604601.0,299.7428,236240
2021-09-24,MSFT,298.23,299.8,296.93,299.35,14998978.0,298.4973,218412
2021-09-27,MSFT,296.14,296.47,292.9449,294.17,23559276.0,294.4246,328836
2021-09-28,MSFT,289.795,290.78,282.75,283.52,43184837.0,285.4855,616437
2021-09-29,MSFT,285.1,286.77,283.01,284.0,26353696.0,284.6546,358442
2021-09-30,MSFT,285.71,287.83,281.62,281.92,32921298.0,283.9371,402930
2021-10-01,MSFT,282.1217,289.98,281.29,289.1,30086280.0,286.6369,363793
2021-10-04,MSFT,287.4,287.75,280.25,283.11,31333747.0,282.6776,455635
2021-10-05,MSFT,284.0464,290.398,284.0464,288.76,24993024.0,288.1714,296311
2021-10-06,MSFT,285.78,293.63,285.5093,293.11,28002550.0,290.4564,406529
2021-10-07,MSFT,295.175,296.64,293.92,294.85,20430471.0,295.4481,282926
2021-10-08,MSFT,296.219,296.6409,293.76,294.85,17950627.0,295.1334,253035
2021-10-11,MSFT,292.92,297.97,292.745,294.23,19298634.0,295.5286,242967
2021-10-12,MSFT,295.34,295.44,292.35,292.88,17885643.0,293.5962,266397
2021-10-13,MSFT,294.91,297.28,293.49,296.31,23424025.0,295.4309,301391
2021-10-14,MSFT,299.21,303.27,297.83,302.75,27254902.0,301.3498,305022
2021-10-15,MSFT,302.34,304.45,300.5191,304.21,24724803.0,302.7966,275911
2021-10-18,MSFT,303.57,308.21,302.69,307.29,22654296.0,305.8543,289612
2021-10-19,MSFT,308.348,309.3,307.22,308.23,17682139.0,308.284,226293
2021-10-20,MSFT,309.21,309.7,306.11,307.41,16537069.0,307.6084,237432
2021-10-21,MSFT,307.1702,311.02,306.36,310.76,16918100.0,309.387,222078
2021-10-22,MSFT,310.4,311.09,307.8,309.16,17449332.0,309.3104,244615
2021-10-25,MSFT,309.36,309.4,306.46,308.13,17554469.0,308.1977,244415
2021-10-26,MSFT,311.0,312.395,308.5967,310.11,28107349.0,310.5962,367536
2021-10-27,MSFT,316.0,326.0973,316.0,323.17,52587690.0,322.6143,593988
2021-10-28,MSFT,324.325,324.87,321.3601,324.35,26297943.0,323.3879,347710
2021-10-29,MSFT,324.13,332.0,323.9,331.62,34765982.0,329.1131,381600
2021-11-01,MSFT,331.355,331.49,326.37,329.37,26923181.0,328.4407,393780
2021-11-02,MSFT,330.31,333.45,330.0,333.13,26487109.0,332.5283,310165
2021-11-03,MSFT,333.9,334.9,330.65,334.0,21370082.0,332.9858,293957
2021-11-04,MSFT,332.89,336.54,329.51,336.44,23892202.0,334.9213,328854
2021-11-05,MSFT,338.51,338.79,334.4217,336.06,22570097.0,336.4792,316800
2021-11-08,MSFT,337.3,337.65,334.44,336.99,20897001.0,336.2122,287657
2021-11-09,MSFT,337.1071,338.72,334.53,335.95,21307369.0,336.3103,295386
2021-11-10,MSFT,334.57,334.6303,329.92,330.8,25500807.0,331.7579,332397
2021-11-11,MSFT,331.25,333.7746,330.51,332.43,16649844.0,332.6575,217134
2021-11-12,MSFT,333.92,337.23,333.79,336.72,23831048.0,335.5457,239697
2021-11-15,MSFT,337.54,337.88,334.034,336.07,16723009.0,335.6981,249217
2021-11-16,MSFT,335.68,340.67,335.51,339.51,20886832.0,339.0523,255378
2021-11-17,MSFT,338.94,342.19,338.0,339.12,18703380.0,339.8226,245204
2021-11-18,MSFT,338.18,342.45,337.12,341.27,22452333.0,340.1626,252477
2021-11-19,MSFT,342.64,345.1,342.2,343.11,21903403.0,343.3237,267653
2021-11-22,MSFT,344.62,349.67,339.55,339.83,31031113.0,343.9656,407010
2021-11-23,MSFT,337.05,339.45,333.56,337.68,30252563.0,336.5601,388979
2021-11-24,MSFT,336.28,338.16,333.911,337.91,21655557.0,336.6413,266154
2021-11-26,MSFT,334.35,337.93,328.12,329.68,24217241.0,332.2818,360133
2021-11-29,MSFT,334.94,339.03,334.74,336.63,28563481.0,336.9814,361924
2021-11-30,MSFT,335.32,337.78,328.99,330.59,42885609.0,331.867,466083
2021-12-01,MSFT,335.13,339.28,329.39,330.08,33401146.0,334.3751,489735
2021-12-02,MSFT,330.3,333.49,327.8028,329.49,30704852.0,330.0851,435978
2021-12-03,MSFT,331.99,332.7,318.03,323.01,41779279.0,322.6431,626436
2021-12-06,MSFT,323.95,327.45,319.23,326.19,30032556.0,324.3146,416525
2021-12-07,MSFT,331.64,335.8,330.1,334.92,31021936.0,334.1083,418516
2021-12-08,MSFT,335.31,335.5,330.8,334.97,24760988.0,333.395,354291
2021-12-09,MSFT,334.41,336.489,332.12,333.1,22214157.0,333.901,323814
2021-12-10,MSFT,334.98,343.0,334.79,342.54,38095694.0,340.3678,415946
2021-12-13,MSFT,340.68,343.79,339.08,339.4,28899431.0,340.802,333627
2021-12-14,MSFT,333.22,334.64,324.11,328.34,44438696.0,328.0207,586397
2021-12-15,MSFT,328.61,335.19,324.5,334.65,35381122.0,330.3825,459466
2021-12-16,MSFT,335.71,336.76,323.02,324.9,35034831.0,327.6775,502538
2021-12-17,MSFT,320.88,324.92,317.25,323.8,47883712.0,322.3973,462554
2021-12-20,MSFT,320.05,322.8,317.57,319.91,28326532.0,319.6158,437500
2021-12-21,MSFT,323.29,327.73,319.8,327.29,24740597.0,324.8129,366633
2021-12-22,MSFT,328.3,333.605,325.75,333.2,24831493.0,330.8736,315700
2021-12-23,MSFT,332.75,336.39,332.73,334.69,19617848.0,334.9327,244523
2021-12-27,MSFT,335.46,342.48,335.43,342.45,19947029.0,340.5691,313725
2021-12-28,MSFT,343.15,343.81,340.32,341.25,15661467.0,341.7182,229689
2021-12-29,MSFT,341.3,344.3,339.68,341.95,15041956.0,341.9364,223483
2021-12-30,MSFT,341.91,343.13,338.82,339.32,15994471.0,340.8846,213550
2021-12-31,MSFT,338.51,339.355,335.85,336.32,17995517.0,336.9168,215861
2022-01-03,MSFT,335.35,338.0,329.78,334.75,28918012.0,333.3801,395292
2022-01-04,MSFT,334.83,335.2,326.12,329.01,32670706.0,329.4477,517992
2022-01-05,MSFT,325.86,326.07,315.98,316.38,40054325.0,320.0278,640413
2022-01-06,MSFT,313.15,318.7,311.49,313.88,39632144.0,315.2052,628047
2022-01-07,MSFT,314.15,316.5,310.09,314.04,32710400.0,313.7812,499823
2022-01-10,MSFT,309.485,314.72,304.69,314.27,44273717.0,309.9294,692526
2022-01-11,MSFT,313.38,316.61,309.89,314.98,29386774.0,314.2093,421384
2022-01-12,MSFT,319.67,323.41,317.08,318.27,34372217.0,319.4289,498637
2022-01-13,MSFT,320.4658,320.88,304.0,304.8,45365979.0,309.6876,712340
2022-01-14,MSFT,304.25,310.82,303.75,310.2,39844762.0,307.9922,527079
2022-01-18,MSFT,304.07,309.8,301.74,302.65,42204112.0,304.6894,658678
2022-01-19,MSFT,306.29,313.9093,302.7,303.33,45933855.0,308.2993,680162
2022-01-20,MSFT,309.07,311.6494,301.14,301.6,35380675.0,307.057,552351
2022-01-21,MSFT,302.685,304.11,295.61,296.03,57984403.0,299.621,887179
2022-01-24,MSFT,292.2,297.11,276.05,296.37,86025393.0,288.8074,1302281
2022-01-25,MSFT,291.52,294.99,285.17,288.49,72848368.0,288.3988,1113735
2022-01-26,MSFT,307.985,308.5,293.03,296.71,90428853.0,300.3828,1195374
2022-01-27,MSFT,302.66,307.3,297.93,299.84,53481317.0,302.4325,741935
2022-01-28,MSFT,300.23,308.48,294.45,308.26,49743698.0,302.7982,696183
2022-01-31,MSFT,308.95,312.38,306.37,310.98,46444536.0,309.4288,645244
2022-02-01,MSFT,310.41,310.63,305.1293,308.76,40950396.0,307.3995,598895
2022-02-02,MSFT,309.63,315.12,308.88,313.46,36635989.0,312.2137,513102
2022-02-03,MSFT,309.49,311.23,299.96,301.25,43729972.0,305.2465,585711
2022-02-04,MSFT,300.21,308.8,299.97,305.94,35093302.0,305.3962,509726
2022-02-07,MSFT,306.17,307.84,299.9,300.95,28533286.0,303.3434,426621
2022-02-08,MSFT,301.25,305.561,299.95,304.56,32314988.0,303.6698,423786
2022-02-09,MSFT,309.865,311.93,307.39,311.21,31280171.0,309.6261,444035
2022-02-10,MSFT,304.04,309.12,300.7,302.38,45386199.0,304.061,608483
2022-02-11,MSFT,303.19,304.29,294.22,295.04,39160620.0,298.1235,615557
2022-02-14,MSFT,293.77,296.76,291.35,295.0,36359487.0,294.405,539722
2022-02-15,MSFT,300.008,300.8,297.02,300.47,27370688.0,299.5681,400816
2022-02-16,MSFT,298.365,300.87,293.68,299.5,29970121.0,297.4874,415675
2022-02-17,MSFT,296.36,296.8,290.0,290.73,32461580.0,292.994,507106
2022-02-18,MSFT,293.05,293.86,286.305,287.93,34256508.0,289.1356,554368
2022-02-22,MSFT,285.0,291.54,284.5,287.72,41736117.0,287.6534,605791
2022-02-23,MSFT,290.18,291.7,280.1,280.27,37797167.0,284.2303,647355
2022-02-24,MSFT,272.51,295.16,271.52,294.59,56989686.0,285.4542,809370
2022-02-25,MSFT,295.14,297.63,291.655,297.31,32546721.0,295.6957,521051
2022-02-28,MSFT,294.31,299.14,293.0,298.79,34627457.0,296.5331,452982
2022-03-01,MSFT,296.4,299.97,292.15,294.95,31217778.0,295.8563,468639
2022-03-02,MSFT,295.36,301.47,293.698,300.19,31873007.0,298.8646,531573
2022-03-03,MSFT,302.89,303.13,294.05,295.92,27314469.0,297.4481,408448
2022-03-04,MSFT,294.29,295.66,287.165,289.86,32369655.0,289.9672,539374
2022-03-07,MSFT,288.53,289.69,278.53,278.91,43157178.0,281.6699,672964
2022-03-08,MSFT,277.8,283.96,270.0,275.85,48157675.0,276.5819,700050
2022-03-09,MSFT,283.44,289.6,280.78,288.5,35204480.0,286.2058,506108
2022-03-10,MSFT,283.02,286.6,280.58,285.59,30628012.0,283.9699,461547
2022-03-11,MSFT,287.96,289.51,279.43,280.07,27209330.0,283.7288,421226
2022-03-14,MSFT,280.34,285.3992,275.82,276.44,30660747.0,279.6999,435907
2022-03-15,MSFT,280.35,287.82,278.725,287.15,34245085.0,284.064,507324
2022-03-16,MSFT,289.11,294.57,283.2,294.39,37729529.0,290.7357,532827
2022-03-17,MSFT,293.29,295.61,289.37,295.22,30802133.0,293.1691,434753
2022-03-18,MSFT,295.37,301.0,292.73,300.43,43222225.0,297.9485,416437
2022-03-21,MSFT,298.89,300.14,294.9,299.16,28351245.0,297.8602,437234
2022-03-22,MSFT,299.8,305.0,298.77,304.06,27599689.0,303.1289,404197
2022-03-23,MSFT,300.51,303.23,297.7201,299.49,25715377.0,300.5899,359919
2022-03-24,MSFT,299.14,304.2,298.315,304.1,24484456.0,301.84,318259
2022-03-25,MSFT,305.23,305.5,299.2855,303.68,22566453.0,302.5129,340082
2022-03-28,MSFT,304.33,310.8,304.33,310.7,29553438.0,308.8785,368660
2022-03-29,MSFT,313.91,315.82,309.05,315.41,30393403.0,313.2741,423166
2022-03-30,MSFT,313.76,315.95,311.58,313.86,28163555.0,313.7134,340160
2022-03-31,MSFT,313.9,315.14,307.89,308.31,33422070.0,310.4193,355031
2022-04-01,MSFT,309.37,310.13,305.54,309.42,27101029.0,308.0485,315032
2022-04-04,MSFT,310.09,315.11,309.71,314.97,24335868.0,313.7554,300000
2022-04-05,MSFT,313.27,314.865,309.87,310.88,23156719.0,311.7992,312602
2022-04-06,MSFT,305.19,307.0,296.71,299.5,40110372.0,300.4693,548742
2022-04-07,MSFT,296.66,303.65,296.35,301.37,31411155.0,300.9241,360492
2022-04-08,MSFT,300.44,301.12,296.28,296.97,24361917.0,298.2833,309094
2022-04-11,MSFT,291.79,292.61,285.0,285.26,34519264.0,286.8651,502222
2022-04-12,MSFT,289.235,290.739,280.49,282.06,30966721.0,284.9687,435819
2022-04-13,MSFT,282.73,288.58,281.3,287.62,21904429.0,285.8202,290613
2022-04-14,MSFT,288.09,288.305,279.32,279.83,28221607.0,282.3705,381427
2022-04-18,MSFT,278.91,282.46,278.34,280.52,20748800.0,280.1829,299125
2022-04-19,MSFT,279.38,286.17,278.41,285.3,22297720.0,283.7503,312037
2022-04-20,MSFT,289.4,289.7,285.3702,286.36,22901807.0,286.9915,313844
2022-04-21,MSFT,288.58,293.3,280.06,280.81,29454587.0,285.5863,411095
2022-04-22,MSFT,281.68,283.2,273.38,274.03,29405798.0,277.0631,455519
2022-04-25,MSFT,273.29,281.11,270.77,280.72,35678852.0,276.9162,507837
2022-04-26,MSFT,277.5,278.3599,270.0,270.22,46512195.0,273.1034,703111
2022-04-27,MSFT,282.1,290.97,279.16,283.22,63468094.0,285.1692,823597
2022-04-28,MSFT,285.185,290.98,281.4562,289.63,33646570.0,286.9376,448000
2022-04-29,MSFT,288.61,289.88,276.5,277.52,37073923.0,281.5777,475254
2022-05-02,MSFT,277.71,284.94,276.22,284.47,35127105.0,280.8292,501418
2022-05-03,MSFT,283.96,284.13,280.15,281.78,25978605.0,281.9915,352891
2022-05-04,MSFT,282.59,290.88,276.73,289.98,33598320.0,284.0704,460201
2022-05-05,MSFT,285.54,286.35,274.34,277.35,43260386.0,277.791,593657
2022-05-06,MSFT,274.805,279.25,271.27,274.73,37776182.0,274.9419,536610
2022-05-09,MSFT,270.06,272.36,263.32,264.58,47725952.0,266.3383,649440
2022-05-10,MSFT,271.69,273.75,265.07,269.5,39336424.0,269.8717,526747
2022-05-11,MSFT,265.68,271.36,259.3,260.55,48975898.0,263.2184,633608
2022-05-12,MSFT,257.69,259.88,250.02,255.35,51033802.0,254.7634,715930
2022-05-13,MSFT,257.35,263.04,255.35,261.12,34918893.0,260.1715,452458
2022-05-16,MSFT,259.955,265.82,255.78,261.5,32539933.0,260.8411,402395
2022-05-17,MSFT,266.11,268.33,262.46,266.82,28828799.0,265.5584,346098
2022-05-18,MSFT,263.0,263.6,252.77,254.08,31355985.0,256.42,414290
2022-05-19,MSFT,253.9,257.67,251.88,253.14,32692286.0,254.4025,408722
2022-05-20,MSFT,257.24,258.54,246.44,252.56,39164899.0,251.557,518558
2022-05-23,MSFT,255.49,261.5,253.43,260.65,33175379.0,258.9217,386147
2022-05-24,MSFT,257.89,261.33,253.5,259.62,29043904.0,257.8803,357104
2022-05-25,MSFT,258.14,264.58,257.125,262.52,28547947.0,260.9506,340324
2022-05-26,MSFT,262.27,267.11,261.4294,265.9,25002105.0,265.2818,297969
2022-05-27,MSFT,268.48,273.34,267.56,273.24,26910824.0,271.6528,307860
2022-05-31,MSFT,272.53,274.77,268.93,271.87,37827695.0,272.0011,363100
2022-06-01,MSFT,275.195,277.69,270.04,272.42,25285874.0,273.3295,321548
2022-06-02,MSFT,264.45,274.65,261.6,274.58,44008205.0,269.0219,532530
2022-06-03,MSFT,270.31,273.45,268.41,270.02,28058958.0,270.3279,303810
2022-06-06,MSFT,272.06,274.18,267.22,268.75,22397042.0,270.0763,260013
2022-06-07,MSFT,266.635,273.13,265.94,272.5,22860677.0,270.6967,247047
2022-06-08,MSFT,271.71,273.0,269.61,270.41,17372341.0,271.1519,234208
2022-06-09,MSFT,267.78,272.7081,264.63,264.79,26439728.0,268.0203,301845
2022-06-10,MSFT,260.58,260.58,252.53,252.99,31445841.0,254.9867,459375
2022-06-13,MSFT,245.11,249.0242,241.53,242.26,45913188.0,244.2909,587062
2022-06-14,MSFT,243.86,245.74,241.51,244.49,28651487.0,243.7922,370359
2022-06-15,MSFT,248.31,255.3,246.42,251.76,33111729.0,250.6363,410433
2022-06-16,MSFT,245.98,247.4174,243.02,244.97,33169160.0,244.875,437473
2022-06-17,MSFT,244.7,250.5,244.03,247.65,43081680.0,247.3623,426273
2022-06-21,MSFT,250.255,254.75,249.51,253.74,29928297.0,253.4288,325280
2022-06-22,MSFT,251.89,257.17,250.37,253.13,25961215.0,254.1738,305208
2022-06-23,MSFT,255.57,259.37,253.63,258.86,25861449.0,257.2249,317666
2022-06-24,MSFT,261.808,267.98,261.72,267.7,33908991.0,265.9715,341714
2022-06-27,MSFT,268.205,268.3,263.28,264.89,24615114.0,265.2573,288957
2022-06-28,MSFT,263.98,266.91,256.32,256.48,27377747.0,259.1302,337120
2022-06-29,MSFT,257.59,261.97,255.76,260.26,20069839.0,260.0577,267537
2022-06-30,MSFT,257.05,259.53,252.9,256.83,31713368.0,256.7307,350608
2022-07-01,MSFT,256.39,259.77,254.61,259.58,22837692.0,257.7792,298425
2022-07-05,MSFT,256.16,262.98,254.74,262.85,22971634.0,259.6188,336748
2022-07-06,MSFT,263.75,267.99,262.4,266.21,23809419.0,265.3515,297474
2022-07-07,MSFT,265.12,269.055,265.02,268.4,20859874.0,267.941,279545
2022-07-08,MSFT,264.79,268.1,263.285,267.66,19658751.0,266.3527,263735
2022-07-11,MSFT,265.65,266.53,262.18,264.51,19497608.0,264.4908,233465
2022-07-12,MSFT,265.88,265.94,252.04,253.67,35846600.0,256.3041,432650
2022-07-13,MSFT,250.19,253.55,248.11,252.72,29497423.0,251.3602,388753
2022-07-14,MSFT,250.57,255.1374,245.94,254.08,25102823.0,251.4169,338720
2022-07-15,MSFT,255.72,260.3699,254.7727,256.72,29774050.0,257.0741,320549
2022-07-18,MSFT,259.75,260.84,253.3,254.25,20975034.0,256.9949,259992
2022-07-19,MSFT,257.575,259.72,253.68,259.53,25012562.0,257.9481,285207
2022-07-20,MSFT,259.9,264.87,258.91,262.27,22788282.0,261.9933,292189
2022-07-21,MSFT,259.79,264.89,257.03,264.84,22404675.0,262.0806,266470
2022-07-22,MSFT,265.24,265.33,259.07,260.36,21880990.0,261.3876,275092
2022-07-25,MSFT,260.995,261.5,256.81,258.83,21055998.0,258.5975,245812
2022-07-26,MSFT,259.86,259.88,249.57,251.9,39322017.0,252.4793,523732
2022-07-27,MSFT,261.16,270.05,258.85,268.74,45987389.0,265.6154,539330
2022-07-28,MSFT,269.75,277.84,267.87,276.41,33459327.0,274.291,413167
2022-07-29,MSFT,277.7,282.0,276.63,280.74,32138752.0,279.8359,359385
2022-08-01,MSFT,277.82,281.28,275.84,278.01,21539580.0,278.4445,296190
2022-08-02,MSFT,276.0,277.89,272.38,274.82,22754184.0,274.9038,302750
2022-08-03,MSFT,276.76,283.5,276.61,282.47,23518874.0,281.282,305573
2022-08-04,MSFT,281.8,283.8,280.1677,283.65,18098668.0,282.5465,242902
2022-08-05,MSFT,279.15,283.65,278.68,282.91,16774606.0,281.721,240178
2022-08-08,MSFT,284.05,285.92,279.32,280.32,18757818.0,282.0016,258506
2022-08-09,MSFT,279.64,283.08,277.61,282.3,23405238.0,281.3194,264734
2022-08-10,MSFT,288.17,289.81,286.94,289.16,24652845.0,288.6242,301911
2022-08-11,MSFT,290.85,291.21,286.51,287.02,20065938.0,288.1876,250692
2022-08-12,MSFT,288.48,291.91,286.94,291.91,22619675.0,289.9108,236645
2022-08-15,MSFT,291.0,294.18,290.11,293.47,18053154.0,292.4294,220400
2022-08-16,MSFT,291.99,294.04,290.42,292.71,18102882.0,292.4112,238194
2022-08-17,MSFT,289.74,293.35,289.47,291.32,18203358.0,291.3739,243421
2022-08-18,MSFT,290.189,291.91,289.08,290.17,17032192.0,290.5375,220664
2022-08-19,MSFT,288.9,289.25,285.56,286.15,20570033.0,286.8317,242758
2022-08-22,MSFT,282.08,282.46,277.22,277.75,25061070.0,278.8803,291816
2022-08-23,MSFT,276.44,278.86,275.4,276.44,17527409.0,276.841,216859
2022-08-24,MSFT,275.41,277.23,275.11,275.79,18137019.0,276.0336,225085
2022-08-25,MSFT,277.33,279.02,274.52,278.85,16583407.0,276.986,207794
2022-08-26,MSFT,279.08,280.34,267.98,268.09,27549307.0,271.1515,333187
2022-08-29,MSFT,265.85,267.4,263.85,265.23,20320044.0,265.6183,268266
2022-08-30,MSFT,266.67,267.05,260.66,262.97,22767071.0,262.964,273161
2022-08-31,MSFT,265.39,267.11,261.33,261.47,24791834.0,262.8825,273069
2022-09-01,MSFT,258.87,260.89,255.41,260.4,23263431.0,258.2566,332384
2022-09-02,MSFT,261.695,264.74,254.47,256.06,22855380.0,258.8321,308514
2022-09-06,MSFT,256.2,257.83,251.94,253.25,21328242.0,254.1903,295717
2022-09-07,MSFT,254.7,258.83,253.22,258.09,24126700.0,256.7283,259248
2022-09-08,MSFT,257.51,260.43,254.79,258.52,20319911.0,257.6878,256506
2022-09-09,MSFT,260.5,265.23,260.29,264.46,22093190.0,263.845,279508
2022-09-12,MSFT,265.78,267.45,265.16,266.65,18747690.0,266.392,230393
2022-09-13,MSFT,258.84,260.4,251.59,251.99,33353318.0,254.603,431420
2022-09-14,MSFT,253.53,254.23,249.86,252.22,23912954.0,252.032,303097
2022-09-15,MSFT,249.77,251.4,244.02,245.38,31530948.0,246.6039,437477
2022-09-16,MSFT,244.26,245.3,242.0627,244.74,39758168.0,243.9454,363897
2022-09-19,MSFT,242.465,245.14,240.85,244.52,26826931.0,243.2548,327277
2022-09-20,MSFT,242.065,243.51,239.64,242.45,26660299.0,241.8909,322476
2022-09-21,MSFT,244.27,247.66,238.9,238.95,28625557.0,242.6906,356095
2022-09-22,MSFT,237.8704,243.86,237.57,240.98,31058162.0,240.7113,368591
2022-09-23,MSFT,239.54,241.13,235.2,237.92,34126048.0,238.2822,402915
2022-09-26,MSFT,237.045,241.45,236.9,237.45,27435190.0,238.5748,298277
2022-09-27,MSFT,239.98,241.8,234.5,236.41,27018732.0,237.0677,313534
2022-09-28,MSFT,236.81,242.33,234.73,241.07,28969679.0,239.2601,321343
2022-09-29,MSFT,238.89,239.95,234.41,237.5,27467433.0,236.4609,324999
2022-09-30,MSFT,238.29,240.54,232.73,232.9,35692780.0,235.717,349460
2022-10-03,MSFT,235.41,241.61,234.66,240.74,28855357.0,238.9979,310569
2022-10-04,MSFT,245.09,250.36,244.975,248.88,34888416.0,248.3777,363475
2022-10-05,MSFT,245.99,250.58,244.1,249.2,20316136.0,247.5403,240366
2022-10-06,MSFT,247.93,250.34,246.08,246.79,20239886.0,247.8246,248352
2022-10-07,MSFT,240.902,241.32,233.17,234.24,37737102.0,235.5773,434172
2022-10-10,MSFT,233.05,234.559,226.73,229.25,29743608.0,229.7802,379327
2022-10-11,MSFT,227.62,229.06,224.11,225.41,30473954.0,226.3341,349682
2022-10-12,MSFT,225.4,227.86,223.96,225.75,21903937.0,225.9151,260518
2022-10-13,MSFT,219.85,236.1,219.13,234.24,42551818.0,230.3739,489794
2022-10-14,MSFT,235.54,237.24,228.34,228.56,30198588.0,230.805,342373
2022-10-17,MSFT,235.82,238.96,235.135,237.53,28142268.0,237.102,305966
2022-10-18,MSFT,243.24,243.93,235.37,238.5,26329591.0,239.04,325506
2022-10-19,MSFT,237.04,239.61,234.29,236.48,19985698.0,236.6482,232870
2022-10-20,MSFT,235.77,241.31,234.87,236.15,21811015.0,237.1951,255775
2022-10-21,MSFT,234.74,243.0,234.5,242.12,26299733.0,239.3394,290614
2022-10-24,MSFT,243.76,247.84,241.295,247.25,24781432.0,245.3763,321981
2022-10-25,MSFT,247.26,251.04,245.83,250.66,34775505.0,247.9143,431898
2022-10-26,MSFT,231.17,238.3,230.06,231.32,82684846.0,233.5731,979052
2022-10-27,MSFT,231.04,233.69,225.78,226.75,40424645.0,227.6391,502651
2022-10-28,MSFT,226.24,236.6,226.05,235.87,40647724.0,233.1644,453458
2022-10-31,MSFT,233.76,234.92,231.15,232.13,28357265.0,232.713,310749
2022-11-01,MSFT,234.6,235.74,227.325,228.17,30582271.0,229.2736,355473
2022-11-02,MSFT,229.46,231.3,220.04,220.1,38400237.0,224.7701,463714
2022-11-03,MSFT,220.09,220.41,213.98,214.25,36633922.0,216.6521,461770
2022-11-04,MSFT,217.55,221.59,213.431,221.39,36789063.0,218.3495,410751
2022-11-07,MSFT,221.99,228.41,221.28,227.87,33497979.0,225.8583,346832
2022-11-08,MSFT,228.7,231.65,225.84,228.87,28192548.0,229.2191,328460
2022-11-09,MSFT,227.37,228.6327,224.33,224.51,27851835.0,225.9814,275026
2022-11-10,MSFT,235.43,243.33,235.0,242.98,46268021.0,239.8423,490190
2022-11-11,MSFT,242.99,247.99,241.93,247.11,34620246.0,245.5838,368001
2022-11-14,MSFT,241.985,243.91,239.21,241.55,31123340.0,242.0967,351680
2022-11-15,MSFT,245.66,247.0,240.03,241.97,31380517.0,243.3448,377449
2022-11-16,MSFT,242.79,243.8,240.42,241.73,24093272.0,242.0599,270175
2022-11-17,MSFT,237.78,243.25,237.63,241.68,23123544.0,241.2058,267476
2022-11-18,MSFT,243.51,243.74,239.03,241.22,27613523.0,240.7679,265827
2022-11-21,MSFT,241.43,244.67,241.19,242.05,26393200.0,242.283,270839
2022-11-22,MSFT,243.59,245.31,240.71,245.03,19665699.0,243.6504,216514
2022-11-23,MSFT,245.105,248.28,244.27,247.58,19508462.0,246.8767,229081
2022-11-25,MSFT,247.31,248.7,246.73,247.49,9200772.0,247.6767,126714
2022-11-28,MSFT,246.08,246.65,240.8,241.76,24810271.0,242.5337,273059
2022-11-29,MSFT,241.4,242.79,238.21,240.33,17956313.0,240.2757,222057
2022-11-30,MSFT,240.57,255.33,239.86,255.14,47594239.0,250.4124,448911
2022-12-01,MSFT,253.87,256.12,250.9156,254.69,26028524.0,254.3605,352798
2022-12-02,MSFT,249.82,256.06,249.69,255.02,21528520.0,253.1141,278398
2022-12-05,MSFT,252.01,253.819,248.06,250.2,23435294.0,250.6795,276722
2022-12-06,MSFT,250.82,251.86,243.78,245.12,22463727.0,246.1697,274238
2022-12-07,MSFT,244.83,246.16,242.205,244.37,20479222.0,244.4617,226749
2022-12-08,MSFT,244.84,248.74,243.06,247.4,22611757.0,246.7518,248284
2022-12-09,MSFT,244.695,248.31,244.16,245.42,20609743.0,246.2204,238476
2022-12-12,MSFT,247.445,252.54,247.17,252.51,30665069.0,250.9043,325566
2022-12-13,MSFT,261.69,263.915,253.07,256.92,42192634.0,258.0996,486403
2022-12-14,MSFT,257.13,262.588,254.31,257.22,35376633.0,258.7836,458426
2022-12-15,MSFT,253.72,254.2,247.34,249.01,35568093.0,249.5733,380775
2022-12-16,MSFT,248.55,249.84,243.51,244.69,86101994.0,245.2971,388901
2022-12-19,MSFT,244.86,245.21,238.71,240.45,29696436.0,240.6751,333301
2022-12-20,MSFT,239.4,242.91,238.42,241.8,25115802.0,241.363,255790
2022-12-21,MSFT,241.69,245.615,240.11,244.43,23690607.0,244.0321,249789
2022-12-22,MSFT,241.255,241.99,233.87,238.19,28651664.0,237.1404,349537
2022-12-23,MSFT,236.11,238.87,233.9428,238.73,21206982.0,237.2671,258172
2022-12-27,MSFT,238.7,238.93,235.83,236.96,16688648.0,237.264,226696
2022-12-28,MSFT,236.89,239.72,234.17,234.53,17457104.0,236.25,215793
2022-12-29,MSFT,235.65,241.92,235.65,241.01,19770693.0,240.1837,224833
2022-12-30,MSFT,238.21,239.96,236.66,239.82,21938472.0,238.6986,244268
2023-01-03,MSFT,243.08,245.75,237.4,239.58,25740036.0,239.8394,314904
2023-01-04,MSFT,232.275,232.87,225.96,229.1,50623394.0,228.5518,679231
2023-01-05,MSFT,227.2,227.55,221.7602,222.31,39577823.0,223.604,471302
2023-01-06,MSFT,223.0,225.7601,219.35,224.93,43613574.0,223.3788,495762
2023-01-09,MSFT,226.45,231.2366,226.41,227.12,27369784.0,228.5989,363680
2023-01-10,MSFT,227.755,231.31,227.33,228.85,27033881.0,228.7878,334659
2023-01-11,MSFT,231.29,235.95,231.11,235.77,28633081.0,233.9843,340052
2023-01-12,MSFT,235.26,239.9,233.56,238.51,27269486.0,237.813,400489
2023-01-13,MSFT,237.002,239.37,234.92,239.23,21333265.0,237.4748,300118
2023-01-17,MSFT,237.97,240.91,237.09,240.35,29831257.0,239.6706,370168
2023-01-18,MSFT,241.565,242.38,235.52,235.81,30028692.0,237.875,377927
2023-01-19,MSFT,233.78,235.52,230.68,231.93,28592433.0,232.5374,362262
2023-01-20,MSFT,234.855,240.74,234.51,240.22,35249809.0,238.2032,364051
2023-01-23,MSFT,241.1,245.165,239.65,242.58,31933951.0,242.7509,413335
2023-01-24,MSFT,242.5,243.95,240.44,242.04,40218444.0,243.7867,512442
2023-01-25,MSFT,234.48,243.3,230.9,240.61,66526641.0,237.4755,745426
2023-01-26,MSFT,243.65,248.31,242.0,248.0,33454491.0,245.411,401891
2023-01-27,MSFT,248.99,249.83,246.83,248.16,26498939.0,248.3935,336282
2023-01-30,MSFT,244.51,245.6,242.2,242.71,25867365.0,243.2164,308895
2023-01-31,MSFT,243.45,247.95,242.945,247.81,26541072.0,246.5374,256082
2023-02-01,MSFT,248.0,255.18,245.47,252.75,31259912.0,250.3172,386960
2023-02-02,MSFT,258.82,264.69,257.25,264.6,39931837.0,261.6241,533818
2023-02-03,MSFT,259.542,264.2,257.1,258.35,29059256.0,259.9308,408058
2023-02-06,MSFT,257.44,258.3,254.78,256.77,22517997.0,256.76,276674
2023-02-07,MSFT,260.53,268.775,260.08,267.56,50841365.0,264.6898,618791
2023-02-08,MSFT,273.2,276.76,266.21,266.73,54674349.0,270.3434,659530
2023-02-09,MSFT,273.8,273.98,262.8,263.62,42375102.0,267.304,472027
2023-02-10,MSFT,261.53,264.09,260.662,263.1,25808489.0,262.4025,334145
2023-02-13,MSFT,267.64,274.6,267.15,271.32,44614921.0,271.4438,499425
2023-02-14,MSFT,272.67,274.97,269.28,272.17,37047924.0,272.0367,471699
2023-02-15,MSFT,268.32,270.73,266.18,269.32,28962163.0,268.4251,370701
2023-02-16,MSFT,264.02,266.74,261.9,262.15,29529391.0,264.1021,389910
2023-02-17,MSFT,259.39,260.09,256.0,258.06,29998205.0,257.6854,392723
2023-02-21,MSFT,254.48,255.49,251.59,252.67,28372844.0,253.0254,341324
2023-02-22,MSFT,254.09,254.34,250.34,251.51,22491056.0,252.2065,276380
2023-02-23,MSFT,255.56,256.84,250.48,254.77,29219095.0,253.9406,366248
2023-02-24,MSFT,249.96,251.0,248.1,249.22,24860205.0,249.4099,339809
2023-02-27,MSFT,252.46,252.82,249.39,250.16,21184867.0,250.4964,267766
2023-02-28,MSFT,249.07,251.49,248.73,249.42,22490950.0,249.7791,250572
2023-03-01,MSFT,250.76,250.93,245.79,246.27,27530059.0,247.4368,331723
2023-03-02,MSFT,246.55,251.4,245.61,251.11,24795896.0,248.8533,317083
2023-03-03,MSFT,252.19,255.62,251.39,255.29,30760136.0,254.6492,326868
2023-03-06,MSFT,256.425,260.12,255.98,256.87,24099799.0,257.791,304174
2023-03-07,MSFT,256.3,257.69,253.39,254.15,21473179.0,254.9132,331543
2023-03-08,MSFT,254.04,254.5417,250.81,253.7,17281277.0,252.804,266009
2023-03-09,MSFT,255.82,259.56,251.58,252.32,26652187.0,255.2369,379554
2023-03-10,MSFT,251.08,252.79,247.6,248.59,28273930.0,249.6614,412570
2023-03-13,MSFT,247.4,257.91,245.73,253.92,33292721.0,253.747,444778
2023-03-14,MSFT,256.75,261.07,255.86,260.79,33614078.0,259.1414,424540
2023-03-15,MSFT,259.98,266.48,259.21,265.44,45990647.0,263.7382,609854
2023-03-16,MSFT,265.205,276.56,263.28,276.2,54832140.0,272.5174,689137
2023-03-17,MSFT,278.26,283.33,276.3201,279.43,69527371.0,279.3912,695574
2023-03-20,MSFT,276.98,277.48,269.85,272.23,43466649.0,272.0137,604272
2023-03-21,MSFT,274.88,275.0,269.5191,273.78,34545504.0,272.3447,425457
2023-03-22,MSFT,273.4,281.04,272.18,272.29,34871230.0,275.8227,486919
2023-03-23,MSFT,277.94,281.06,275.2,277.66,36610879.0,278.2622,447986
2023-03-24,MSFT,277.24,280.63,275.28,280.57,28199962.0,278.6135,391637
2023-03-27,MSFT,280.5,281.4589,275.52,276.38,26840212.0,277.6231,336991
2023-03-28,MSFT,275.79,276.14,272.0451,275.23,21878647.0,273.8328,288361
2023-03-29,MSFT,278.96,281.1398,278.41,280.51,25087032.0,279.8952,312671
2023-03-30,MSFT,284.23,284.46,281.48,284.05,25053410.0,283.1788,338299
2023-03-31,MSFT,283.73,289.27,283.0,288.3,32765976.0,286.5132,398970
2023-04-03,MSFT,286.52,288.27,283.95,287.23,24743342.0,286.2717,351148
2023-04-04,MSFT,287.23,290.4499,285.67,287.18,25824299.0,287.9298,351664
2023-04-05,MSFT,285.85,287.15,282.92,284.34,22064770.0,284.4017,315075
2023-04-06,MSFT,283.21,292.08,282.03,291.6,29770334.0,288.6584,391332
2023-04-10,MSFT,289.208,289.6,284.71,289.39,23095494.0,287.7271,320739
2023-04-11,MSFT,285.75,285.98,281.64,282.83,27011589.0,283.2909,397668
2023-04-12,MSFT,284.79,287.01,281.96,283.49,27392932.0,284.4641,392791
2023-04-13,MSFT,283.59,289.9,283.17,289.84,24212878.0,288.1325,319817
2023-04-14,MSFT,287.0,288.48,283.69,286.14,20982817.0,285.9764,325336
2023-04-17,MSFT,289.93,291.6,286.16,288.8,23836223.0,288.2686,327268
2023-04-18,MSFT,291.57,291.755,287.01,288.37,20129345.0,288.499,283384
2023-04-19,MSFT,285.99,289.05,284.54,288.45,17150271.0,287.4678,280116
2023-04-20,MSFT,285.25,289.03,285.08,286.11,23244363.0,286.6919,307055
2023-04-21,MSFT,285.01,286.27,283.0608,285.76,21676387.0,285.0868,312673
2023-04-24,MSFT,282.09,284.95,278.72,281.77,26611014.0,281.7132,420683
2023-04-25,MSFT,279.51,281.6,275.37,275.42,45759736.0,280.4904,616117
2023-04-26,MSFT,296.7,299.57,292.73,295.37,64542982.0,296.0297,870311
2023-04-27,MSFT,295.97,305.2,295.25,304.83,46462608.0,302.55,650723
2023-04-28,MSFT,304.01,308.93,303.31,307.26,36469613.0,306.256,496688
2023-05-01,MSFT,306.97,308.6,305.15,305.56,21267115.0,306.615,316909
2023-05-02,MSFT,307.76,309.18,303.91,305.41,26404431.0,306.093,393439
2023-05-03,MSFT,306.62,308.61,304.09,304.4,22360754.0,305.7745,352104
2023-05-04,MSFT,306.24,307.7626,303.4,305.41,22519907.0,305.777,311224
2023-05-05,MSFT,305.72,311.97,304.27,310.65,28196052.0,309.5482,381026
2023-05-08,MSFT,310.13,310.2,306.09,308.65,21308813.0,308.0936,335929
2023-05-09,MSFT,308.0,310.04,306.31,307.0,21340829.0,307.7179,299950
2023-05-10,MSFT,308.62,313.0,307.67,312.31,30078044.0,310.9026,398456
2023-05-11,MSFT,310.1,311.12,306.2601,310.11,31680179.0,309.3559,381620
2023-05-12,MSFT,310.55,310.65,306.6,308.97,19672946.0,308.1878,298800
2023-05-15,MSFT,309.095,309.905,307.59,309.46,16336547.0,309.0666,269983
2023-05-16,MSFT,309.83,313.71,309.83,311.74,25680347.0,312.432,352425
2023-05-17,MSFT,312.29,314.43,310.74,314.0,24315012.0,313.0997,308657
2023-05-18,MSFT,314.53,319.04,313.72,318.52,27275991.0,317.1105,386415
2023-05-19,MSFT,316.74,318.75,316.37,318.34,27543551.0,317.8475,325653
2023-05-22,MSFT,318.6,322.59,318.01,321.18,24115664.0,320.8507,342361
2023-05-23,MSFT,320.03,322.72,315.25,315.26,30797173.0,317.7116,430792
2023-05-24,MSFT,314.73,316.5,312.61,313.85,23384887.0,314.2333,353391
2023-05-25,MSFT,323.24,326.9,320.0,325.92,43205743.0,324.1808,549354
2023-05-26,MSFT,324.02,333.4,323.88,332.89,36630633.0,330.8431,509702
2023-05-30,MSFT,335.23,335.74,330.52,331.21,29503070.0,332.3713,522152
2023-05-31,MSFT,332.29,335.94,327.33,328.39,45950553.0,329.8836,494039
2023-06-01,MSFT,325.93,333.53,324.72,332.58,26773851.0,330.6137,412274
2023-06-02,MSFT,334.247,337.5,332.55,335.4,25853669.0,334.9782,392402
2023-06-05,MSFT,335.22,338.5599,334.6601,335.94,21307053.0,336.6865,374635
2023-06-06,MSFT,335.33,335.37,332.17,333.68,20396223.0,333.7197,339188
2023-06-07,MSFT,331.65,334.49,322.5,323.38,40706629.0,325.7113,615252
2023-06-08,MSFT,323.935,326.64,323.35,325.26,23260258.0,325.0463,373419
2023-06-09,MSFT,324.99,329.99,324.41,326.79,22528950.0,327.3052,367279
2023-06-12,MSFT,328.58,332.0999,325.16,331.85,24281753.0,329.5156,390478
2023-06-13,MSFT,334.465,336.98,330.39,334.29,22801279.0,333.4592,356040
2023-06-14,MSFT,334.34,339.04,332.81,337.34,26003791.0,336.4501,456396
2023-06-15,MSFT,337.48,349.84,337.2,348.1,38852845.0,345.5015,594418
2023-06-16,MSFT,351.32,351.47,341.95,342.33,46546285.0,345.87,481102
2023-06-20,MSFT,339.31,342.08,335.86,338.05,26333307.0,338.2942,421893
2023-06-21,MSFT,336.37,337.73,332.07,333.56,25117799.0,334.2187,386737
2023-06-22,MSFT,334.12,340.12,333.34,339.71,23556764.0,337.7777,374340
2023-06-23,MSFT,334.36,337.96,333.45,335.02,23146901.0,335.5853,351843
2023-06-26,MSFT,333.72,336.11,328.49,328.6,21520582.0,330.8935,391852
2023-06-27,MSFT,331.86,336.15,329.3,334.57,24353972.0,333.4372,345545
2023-06-28,MSFT,334.66,337.98,333.81,335.85,20259523.0,335.7149,327478
2023-06-29,MSFT,334.71,336.11,332.62,335.05,16997042.0,334.6334,276397
2023-06-30,MSFT,337.75,342.73,337.2,340.54,26832756.0,340.6447,364616
2023-07-03,MSFT,339.19,340.9,336.571,337.99,12507092.0,338.2957,252534
2023-07-05,MSFT,335.09,341.65,334.7276,338.15,18172378.0,338.6334,346745
2023-07-06,MSFT,337.3,342.99,335.5,341.27,28195534.0,340.0806,453686
2023-07-07,MSFT,339.32,341.79,337.0,337.22,21208974.0,339.134,336861
2023-07-10,MSFT,334.6,335.23,327.59,331.83,32739449.0,330.9423,551490
2023-07-11,MSFT,331.06,332.86,327.0,332.47,26698218.0,330.6934,428341
2023-07-12,MSFT,336.6,341.652,335.67,337.2,29995262.0,337.9785,443122
2023-07-13,MSFT,339.56,343.74,339.02,342.66,20567159.0,341.6023,352822
2023-07-14,MSFT,347.59,351.43,344.31,345.24,28349069.0,347.4862,474705
2023-07-17,MSFT,345.678,346.99,342.2,345.73,20363927.0,345.3375,354554
2023-07-18,MSFT,345.83,366.78,342.17,359.49,64851305.0,358.335,903519
2023-07-19,MSFT,361.75,362.46,352.435,355.08,39720401.0,356.9136,627574
2023-07-20,MSFT,353.57,357.97,345.37,346.87,33729395.0,349.2517,537719
2023-07-21,MSFT,349.15,350.3,339.83,343.77,69402882.0,344.6154,533848
2023-07-24,MSFT,345.85,346.92,342.31,345.11,26724646.0,344.8138,387230
2023-07-25,MSFT,347.11,351.89,345.07,350.98,41614439.0,348.2785,622408
2023-07-26,MSFT,341.44,344.67,333.11,337.77,58383702.0,337.2226,990567
2023-07-27,MSFT,340.48,341.33,329.05,330.72,39611012.0,334.6987,745452
2023-07-28,MSFT,333.67,340.01,333.17,338.37,28449068.0,337.4318,447434
2023-07-31,MSFT,336.92,337.695,333.36,335.92,25445972.0,335.1445,461944
2023-08-01,MSFT,335.19,338.54,333.7,336.34,18381253.0,336.4363,332085
2023-08-02,MSFT,333.63,333.63,326.3551,327.5,27759757.0,328.8435,521033
2023-08-03,MSFT,326.0,329.88,325.95,326.66,18360352.0,327.6559,323370
2023-08-04,MSFT,331.88,335.14,327.24,327.78,23741484.0,330.8896,430655
2023-08-07,MSFT,328.37,331.11,327.52,330.11,17023526.0,329.5521,307078
2023-08-08,MSFT,326.96,328.75,323.0,326.05,22274170.0,325.1445,389123
2023-08-09,MSFT,326.47,327.11,321.0499,322.23,22339508.0,323.2968,352448
2023-08-10,MSFT,326.015,328.26,321.18,322.93,20103165.0,323.9963,295450
2023-08-11,MSFT,320.26,322.41,319.21,321.01,24355491.0,321.0487,355599
2023-08-14,MSFT,321.39,324.06,320.08,324.04,18814579.0,322.6942,302315
2023-08-15,MSFT,323.0,325.09,320.9034,321.86,16813785.0,322.9819,294672
2023-08-16,MSFT,320.8,324.42,319.8035,320.4,20698864.0,321.7008,299352
2023-08-17,MSFT,320.54,321.87,316.21,316.88,21257161.0,318.3484,342111
2023-08-18,MSFT,314.49,318.38,311.5508,316.48,24751706.0,315.3222,404544
2023-08-21,MSFT,317.93,322.77,317.04,321.88,23989956.0,320.4589,358127
2023-08-22,MSFT,325.5,326.075,321.46,322.46,16018024.0,323.4052,294427
2023-08-23,MSFT,323.82,329.2,323.46,327.0,21164682.0,327.3649,289589
2023-08-24,MSFT,332.85,332.98,319.96,319.97,23277194.0,323.1078,338014
2023-08-25,MSFT,321.47,325.36,318.8001,322.98,21684104.0,322.1106,318092
2023-08-28,MSFT,325.66,326.15,321.722,323.7,14808482.0,323.4131,248204
2023-08-29,MSFT,321.88,328.9835,321.88,328.41,19284590.0,327.1681,299190
2023-08-30,MSFT,328.67,329.81,326.445,328.79,15222110.0,328.5478,251172
2023-08-31,MSFT,329.2,330.9099,326.78,327.76,26403154.0,328.0876,271738
2023-09-01,MSFT,331.31,331.99,326.78,328.66,14886424.0,328.5957,298313
2023-09-05,MSFT,329.0,334.85,328.66,333.55,18553859.0,332.6823,306760
2023-09-06,MSFT,333.38,334.46,330.18,332.88,17535773.0,332.2617,277719
2023-09-07,MSFT,331.29,333.08,329.03,329.91,18369595.0,330.6156,290407
2023-09-08,MSFT,330.09,336.16,329.46,334.27,19548165.0,334.384,307635
2023-09-11,MSFT,337.24,338.42,335.43,337.94,16583324.0,337.3191,277880
2023-09-12,MSFT,335.815,336.79,331.48,331.77,17562282.0,333.0369,284513
2023-09-13,MSFT,331.31,336.85,331.17,336.06,16544412.0,335.2687,257199
2023-09-14,MSFT,339.148,340.86,336.57,338.7,20263548.0,339.0099,310337
2023-09-15,MSFT,336.92,337.3975,329.65,330.22,37503592.0,332.2853,373232
2023-09-18,MSFT,327.8,330.4,326.36,329.06,16834208.0,328.6563,309477
2023-09-19,MSFT,326.17,329.39,324.51,328.65,16514487.0,327.2065,275795
2023-09-20,MSFT,329.51,329.59,320.51,320.77,21399225.0,324.4602,351303
2023-09-21,MSFT,319.26,325.3499,315.0,319.53,35560362.0,320.9522,526012
2023-09-22,MSFT,321.32,321.45,316.15,317.01,21436887.0,318.4263,341056
2023-09-25,MSFT,316.59,317.67,315.0,317.54,17835964.0,316.584,291124
2023-09-26,MSFT,315.13,315.88,310.02,312.14,25647573.0,312.1074,408374
2023-09-27,MSFT,312.3,314.299,309.69,312.79,19370182.0,311.9009,335794
2023-09-28,MSFT,310.99,315.48,309.45,313.64,19681064.0,312.8031,338062
2023-09-29,MSFT,317.75,319.47,314.98,315.75,24147298.0,316.6707,371549
2023-10-02,MSFT,316.28,321.888,315.18,321.8,20570006.0,319.5579,354432
2023-10-03,MSFT,320.83,321.39,311.215,313.39,21027792.0,314.3557,354262
2023-10-04,MSFT,314.03,320.04,314.0,318.955,20717444.0,317.962,340623
2023-10-05,MSFT,319.09,319.98,314.9,319.36,16965629.0,317.9018,292278
2023-10-06,MSFT,316.55,329.19,316.3,327.26,25673630.0,325.0766,374485
2023-10-09,MSFT,324.75,330.3,323.18,329.82,19891180.0,328.0256,309948
2023-10-10,MSFT,330.96,331.1,327.67,328.39,20557094.0,329.2022,314761
2023-10-11,MSFT,331.21,332.82,329.14,332.42,20063246.0,331.5068,280438
2023-10-12,MSFT,330.565,333.6299,328.72,331.16,19313098.0,331.366,334254
2023-10-13,MSFT,332.38,333.83,326.36,327.73,20983805.0,329.1471,397249
2023-10-16,MSFT,331.05,336.14,330.6,332.64,22153713.0,333.3168,360739
2023-10-17,MSFT,329.59,333.46,327.41,332.06,18238523.0,331.2465,293598
2023-10-18,MSFT,332.49,335.59,328.3,330.11,23145202.0,331.7636,333823
2023-10-19,MSFT,332.15,336.88,330.91,331.32,25049471.0,333.2315,366501
2023-10-20,MSFT,331.72,331.92,325.45,326.67,25020125.0,327.9375,322790
2023-10-23,MSFT,325.47,332.725,324.39,329.32,23974748.0,329.2188,353047
2023-10-24,MSFT,331.3,331.84,327.6,330.53,31153571.0,333.8854,480549
2023-10-25,MSFT,345.02,346.2,337.62,340.67,55053828.0,340.9822,729751
2023-10-26,MSFT,340.54,341.63,326.94,327.89,37810293.0,331.2156,534329
2023-10-27,MSFT,330.425,336.72,328.4007,329.81,29791522.0,331.6575,430129
2023-10-30,MSFT,333.41,339.45,330.52,337.31,22829326.0,336.3741,355946
2023-10-31,MSFT,338.85,339.0,334.69,338.11,20265282.0,337.2437,307402
2023-11-01,MSFT,339.79,347.42,339.65,346.07,28158819.0,344.9564,425441
2023-11-02,MSFT,347.24,348.83,344.77,348.32,24348072.0,347.5945,374637
2023-11-03,MSFT,349.63,354.39,347.33,352.8,23537673.0,351.9435,390975
2023-11-06,MSFT,353.45,357.54,353.35,356.53,23828301.0,355.997,377865
2023-11-07,MSFT,359.4,362.46,357.63,360.53,25823931.0,360.671,373389
2023-11-08,MSFT,361.68,363.87,360.55,363.2,26743428.0,362.3926,316039
2023-11-09,MSFT,362.3,364.79,360.362,360.69,24847331.0,362.0007,338377
2023-11-10,MSFT,361.49,370.1,361.07,369.67,28036164.0,367.5711,382843
2023-11-13,MSFT,368.22,368.47,365.9,366.68,19986506.0,367.1673,340608
2023-11-14,MSFT,371.01,371.95,367.3454,370.27,27683862.0,370.2471,409291
2023-11-15,MSFT,371.28,373.13,367.11,369.67,26856895.0,369.819,399873
2023-11-16,MSFT,370.96,376.35,370.18,376.17,27182315.0,374.8465,405563
2023-11-17,MSFT,373.61,374.37,367.0,369.85,39800371.0,370.7359,560741
2023-11-20,MSFT,371.22,378.87,371.0,377.44,52528964.0,375.7212,771744
2023-11-21,MSFT,375.67,376.2215,371.12,373.07,28422845.0,373.1602,460034
2023-11-22,MSFT,378.0,379.7899,374.965,377.85,23173184.0,377.8874,405032
2023-11-24,MSFT,377.33,377.97,375.135,377.43,10026649.0,376.8156,201902
2023-11-27,MSFT,376.78,380.64,376.2,378.61,22179228.0,378.5792,352779
2023-11-28,MSFT,378.35,383.0,378.16,382.7,20354067.0,381.5382,358980
2023-11-29,MSFT,383.76,384.3,377.44,378.85,28963399.0,379.514,405555
2023-11-30,MSFT,378.49,380.09,375.47,378.91,30545295.0,378.1431,364027
2023-12-01,MSFT,376.76,378.16,371.31,374.51,33036672.0,374.0143,516939
2023-12-04,MSFT,369.1,369.52,362.9,369.14,32063301.0,367.2104,504198
2023-12-05,MSFT,366.45,373.075,365.621,372.52,23017535.0,371.2053,373673
2023-12-06,MSFT,373.54,374.18,368.03,368.8,21174417.0,369.9703,326371
2023-12-07,MSFT,368.23,371.4527,366.32,370.95,23118104.0,369.8581,324952
2023-12-08,MSFT,369.2,374.46,368.23,374.23,20142366.0,372.7762,297366
2023-12-11,MSFT,368.48,371.6,366.1,371.3,27708757.0,369.5369,414479
2023-12-12,MSFT,370.85,374.42,370.46,374.38,24834333.0,372.7849,341947
2023-12-13,MSFT,376.02,377.6361,370.77,374.37,30605531.0,374.3346,397694
2023-12-14,MSFT,373.31,373.76,364.13,365.93,43270261.0,367.279,625496
2023-12-15,MSFT,366.85,372.4,366.28,370.73,78502324.0,370.1111,447189
2023-12-18,MSFT,369.45,373.0,368.68,372.65,21802878.0,371.7442,338225
2023-12-19,MSFT,371.49,373.26,369.84,373.26,20593658.0,372.2648,306094
2023-12-20,MSFT,375.0,376.03,370.53,370.62,26316623.0,373.0735,396010
2023-12-21,MSFT,372.56,374.41,370.04,373.54,17608006.0,372.3574,289267
2023-12-22,MSFT,373.68,375.18,372.71,374.58,17102684.0,374.4106,282280
2023-12-26,MSFT,375.0,376.94,373.5,374.66,12673050.0,374.7134,264666
2023-12-27,MSFT,373.69,375.06,372.8116,374.07,14905412.0,373.7921,266403
2023-12-28,MSFT,375.37,376.458,374.16,375.28,14327013.0,375.4457,278146
2023-12-29,MSFT,376.0,377.16,373.48,376.04,18730838.0,375.8532,296401
2024-01-02,MSFT,373.86,375.9,366.771,370.87,25258633.0,370.0458,458059
2024-01-03,MSFT,369.01,373.2562,368.51,370.6,23013465.0,371.1638,373400
2024-01-04,MSFT,370.665,373.1,367.17,367.94,20901502.0,369.8079,336221
2024-01-05,MSFT,368.97,372.06,366.5,367.75,21004575.0,368.9509,327543
2024-01-08,MSFT,369.3,375.2,369.01,374.69,23132275.0,372.9106,370000
2024-01-09,MSFT,372.01,375.99,371.19,375.79,20828828.0,374.4701,348112
2024-01-10,MSFT,376.37,384.17,376.32,382.77,25497145.0,381.6297,425875
2024-01-11,MSFT,386.0,390.68,380.38,384.63,27850846.0,384.6284,462956
2024-01-12,MSFT,385.49,388.68,384.65,388.47,21641153.0,387.404,349003
2024-01-16,MSFT,393.66,394.03,387.6229,390.27,27142268.0,390.7025,461337
2024-01-17,MSFT,387.98,390.11,384.81,389.47,21698908.0,388.3601,363161
2024-01-18,MSFT,391.72,393.99,390.12,393.87,23391588.0,392.7206,369691
2024-01-19,MSFT,395.76,398.67,393.5,398.67,29331136.0,396.7214,425457
2024-01-22,MSFT,400.02,400.62,393.59,396.51,27016902.0,396.8531,450387
2024-01-23,MSFT,395.75,399.38,393.93,398.9,20525882.0,397.3286,318881
2024-01-24,MSFT,401.54,405.63,400.45,402.56,24362953.0,403.082,412572
2024-01-25,MSFT,404.32,407.01,402.5294,404.87,21008155.0,404.8272,386008
2024-01-26,MSFT,404.37,406.17,402.43,403.93,17803271.0,404.0245,337194
2024-01-29,MSFT,406.06,409.98,404.33,409.72,24479936.0,408.1096,446367
2024-01-30,MSFT,412.26,413.05,406.4501,408.59,33443110.0,408.7068,606541
2024-01-31,MSFT,406.96,415.32,397.21,397.58,47855797.0,403.0427,736134
2024-02-01,MSFT,401.83,408.0,401.8,403.78,30656726.0,404.4632,476057
2024-02-02,MSFT,403.81,412.65,403.56,411.22,28186570.0,409.8995,474633
2024-02-05,MSFT,409.9,411.16,403.99,405.65,25352286.0,406.2356,455599
2024-02-06,MSFT,405.88,407.97,402.91,405.49,18382624.0,404.8658,342464
2024-02-07,MSFT,407.44,414.3,407.4,414.05,22340526.0,411.9182,352956
2024-02-08,MSFT,414.05,415.56,412.53,414.11,21225257.0,413.833,323852
2024-02-09,MSFT,415.25,420.82,415.09,420.55,22010344.0,418.7587,369746
2024-02-12,MSFT,420.555,420.74,414.75,415.26,21202921.0,416.8165,401543
2024-02-13,MSFT,404.94,410.071,403.39,406.32,27824936.0,406.7192,544613
2024-02-14,MSFT,408.07,409.84,404.57,409.49,20394390.0,407.4282,384409
2024-02-15,MSFT,408.14,409.13,404.29,406.56,21825525.0,406.0888,412617
2024-02-16,MSFT,407.96,408.29,403.44,404.06,22296495.0,405.1959,371675
2024-02-20,MSFT,403.24,404.49,398.01,402.79,24307915.0,401.4432,450376
2024-02-21,MSFT,400.17,402.29,397.22,402.18,18576472.0,400.2873,372891
2024-02-22,MSFT,410.19,412.83,408.57,411.65,26924129.0,410.8021,438851
2024-02-23,MSFT,415.67,415.86,408.97,410.34,16290899.0,411.3814,339007
2024-02-26,MSFT,411.455,412.16,407.36,407.54,16193505.0,408.6943,360536
2024-02-27,MSFT,407.99,408.32,403.85,407.48,14835827.0,406.5203,329867
2024-02-28,MSFT,408.175,409.3,405.3201,407.72,13152525.0,407.2066,288488
2024-02-29,MSFT,408.64,414.2,405.92,413.64,31947263.0,411.6895,381314
2024-03-01,MSFT,411.27,415.87,410.88,415.5,17805495.0,414.0684,394307
2024-03-04,MSFT,413.44,417.35,412.32,414.92,17595956.0,415.1331,397492
2024-03-05,MSFT,413.96,414.25,400.64,402.65,26886877.0,403.9324,538262
2024-03-06,MSFT,402.97,405.16,398.39,402.09,22320549.0,402.2288,449326
2024-03-07,MSFT,406.12,409.78,402.24,409.14,18695839.0,407.6397,356884
2024-03-08,MSFT,407.96,410.42,404.33,406.22,18002186.0,407.1068,372186
2024-03-11,MSFT,403.762,405.68,401.26,404.52,16120752.0,403.871,361478
2024-03-12,MSFT,407.62,415.57,406.79,415.28,22457003.0,413.4651,390705
2024-03-13,MSFT,418.1,418.18,411.45,415.1,17115931.0,414.9263,335667
2024-03-14,MSFT,420.24,427.82,417.99,425.22,34155379.0,424.5338,595703
2024-03-15,MSFT,419.29,422.6,412.79,416.42,45079903.0,416.9739,502616
2024-03-18,MSFT,414.25,420.73,413.78,417.32,20105977.0,417.9454,378727
2024-03-19,MSFT,417.83,421.6656,415.55,421.41,19824715.0,420.2883,333781
2024-03-20,MSFT,422.0,425.96,420.66,425.23,17856165.0,423.7712,341852
2024-03-21,MSFT,429.83,430.82,427.16,429.37,21221222.0,429.2339,382102
2024-03-22,MSFT,429.7,429.86,426.07,428.74,17648473.0,428.396,314771
2024-03-25,MSFT,425.24,427.41,421.61,422.86,18060450.0,423.6345,392629
2024-03-26,MSFT,425.61,425.99,421.35,421.65,16725647.0,422.7992,318246
2024-03-27,MSFT,424.44,424.45,419.01,421.43,16704978.0,420.9515,333518
2024-03-28,MSFT,420.96,421.87,419.12,420.72,21871161.0,420.7417,307365
2024-04-01,MSFT,423.95,427.89,422.22,424.57,16315961.0,424.3187,365011
2024-04-02,MSFT,420.11,422.38,417.84,421.44,17911992.0,420.9424,364604
2024-04-03,MSFT,419.73,423.26,419.085,420.45,16502264.0,421.2183,337782
2024-04-04,MSFT,424.99,428.67,417.57,417.88,19370875.0,421.9102,371919
2024-04-05,MSFT,420.01,426.51,418.32,425.52,16549091.0,424.2188,353310
2024-04-08,MSFT,425.17,427.28,423.3,424.59,14272387.0,424.9753,316897
2024-04-09,MSFT,426.44,427.74,421.62,426.28,12512289.0,424.8551,298321
2024-04-10,MSFT,422.19,424.03,419.7,423.26,16216581.0,421.8454,377856
2024-04-11,MSFT,425.82,429.37,422.36,427.93,17966423.0,426.7616,345478
2024-04-12,MSFT,424.05,425.1794,419.77,421.9,18742900.0,422.2862,372084
2024-04-15,MSFT,426.6,426.82,413.43,413.64,20273538.0,417.9412,419801
2024-04-16,MSFT,414.57,418.4,413.7301,414.58,15379191.0,415.566,344527
2024-04-17,MSFT,417.25,418.88,410.33,411.84,15855485.0,413.5457,353077
2024-04-18,MSFT,410.63,411.89,403.95,404.27,20012417.0,407.0261,422710
2024-04-19,MSFT,404.03,405.48,397.77,399.12,30250229.0,400.5771,470290
2024-04-22,MSFT,400.08,402.85,395.75,400.96,20263655.0,400.2463,395626
2024-04-23,MSFT,404.235,408.2,403.06,407.57,15734501.0,406.8605,332315
2024-04-24,MSFT,409.56,412.47,406.78,409.06,15047330.0,408.7851,340118
2024-04-25,MSFT,394.03,399.8899,388.03,399.04,40549850.0,397.661,782682
2024-04-26,MSFT,412.17,413.0,405.7601,406.32,29693254.0,408.9117,532056
2024-04-29,MSFT,405.25,406.32,399.19,402.25,19582091.0,401.615,424047
2024-04-30,MSFT,401.49,402.16,389.17,389.33,28781374.0,393.8985,511476
2024-05-01,MSFT,392.61,401.7199,390.31,394.94,23562481.0,395.2703,459339
2024-05-02,MSFT,397.66,399.93,394.6515,397.84,17709364.0,397.31,336629
2024-05-03,MSFT,402.28,407.15,401.86,406.66,17446724.0,405.7904,356126
2024-05-06,MSFT,408.76,413.93,406.3701,413.54,16996639.0,411.0587,351011
2024-05-07,MSFT,414.66,414.67,409.09,409.34,20018228.0,410.7931,334643
2024-05-08,MSFT,408.17,412.23,406.7132,410.54,11792308.0,410.4116,272545
2024-05-09,MSFT,410.57,412.72,409.1,412.32,14647327.0,411.6659,259284
2024-05-10,MSFT,412.935,415.38,411.8,414.74,13395681.0,414.2666,319659
2024-05-13,MSFT,418.01,418.348,410.82,413.72,15440226.0,413.8789,342746
2024-05-14,MSFT,412.02,417.49,411.55,416.56,15109306.0,414.905,340286
2024-05-15,MSFT,417.9,423.81,417.27,423.08,22239533.0,421.8711,414733
2024-05-16,MSFT,421.8,425.42,420.35,420.99,16915050.0,422.181,363227
2024-05-17,MSFT,422.54,422.92,418.025,420.21,15352239.0,420.0833,291491
2024-05-20,MSFT,420.21,426.77,419.99,425.34,16235137.0,424.8479,325279
2024-05-21,MSFT,426.825,432.97,424.85,429.04,21451855.0,429.2546,391817
2024-05-22,MSFT,430.09,432.41,427.13,430.52,18073698.0,430.0097,326622
2024-05-23,MSFT,432.97,433.6,425.424,427.0,17189689.0,429.2099,363757
2024-05-24,MSFT,427.19,431.055,424.41,430.16,11855285.0,428.8383,301686
2024-05-28,MSFT,429.63,430.82,426.6,430.32,15714424.0,429.0926,380656
2024-05-29,MSFT,425.69,430.94,425.69,429.17,15517130.0,429.2916,332791
2024-05-30,MSFT,424.3,424.3,414.24,414.67,28388472.0,418.0679,553473
2024-05-31,MSFT,416.75,416.75,404.51,415.13,47949650.0,411.8761,602156
2024-06-03,MSFT,415.525,416.43,408.9234,413.52,17477275.0,412.8063,447157
2024-06-04,MSFT,412.43,416.44,409.675,416.07,14343917.0,413.9793,316575
2024-06-05,MSFT,417.81,424.08,416.3,424.01,16988038.0,421.7613,362676
2024-06-06,MSFT,424.01,425.31,420.58,424.52,14832341.0,423.6284,339049
2024-06-07,MSFT,426.2,426.28,423.0,423.85,13608450.0,424.4684,242542
2024-06-10,MSFT,424.7,428.08,423.89,427.87,13653034.0,426.9313,366209
2024-06-11,MSFT,425.475,432.82,425.25,432.68,14550801.0,430.1587,351900
2024-06-12,MSFT,435.32,443.4,433.25,441.06,22366233.0,439.4047,493585
2024-06-13,MSFT,440.85,443.39,439.37,441.58,15960565.0,441.5155,358457
2024-06-14,MSFT,438.275,443.1376,436.721,442.57,13567405.0,441.761,324883
2024-06-17,MSFT,442.585,450.94,440.72,448.37,20765030.0,446.7907,438277
2024-06-18,MSFT,449.705,450.14,444.89,446.34,17003754.0,446.7191,381006
2024-06-20,MSFT,446.3,446.53,441.27,445.7,19850228.0,444.5529,444420
2024-06-21,MSFT,447.38,450.58,446.51,449.78,34486172.0,448.872,384957
2024-06-24,MSFT,449.8,452.75,446.41,447.67,15913719.0,448.711,391482
2024-06-25,MSFT,448.25,451.42,446.75,450.95,16747529.0,449.9838,312623
2024-06-26,MSFT,449.0,453.6,448.19,452.16,16463605.0,451.8178,327606
2024-06-27,MSFT,452.175,456.17,451.77,452.85,14669048.0,453.5679,327937
2024-06-28,MSFT,453.07,455.38,446.41,446.95,28342271.0,449.6858,399859
2024-07-01,MSFT,448.66,457.37,445.66,456.73,17662818.0,453.2717,414466
2024-07-02,MSFT,453.2,459.59,453.113,459.28,13900279.0,457.5868,352738
2024-07-03,MSFT,458.19,461.02,457.88,460.77,9932830.0,459.7752,297118
2024-07-05,MSFT,459.61,468.35,458.965,467.56,16000290.0,466.1665,410920
2024-07-08,MSFT,466.55,467.7,464.46,466.24,12962321.0,465.8994,394953
2024-07-09,MSFT,467.0,467.33,458.0,459.54,17228507.0,461.2484,457064
2024-07-10,MSFT,461.22,466.46,458.855,466.25,18183100.0,463.8644,399313
2024-07-11,MSFT,462.98,464.78,451.55,454.7,23099375.0,455.788,567254
2024-07-12,MSFT,454.325,456.36,450.645,453.55,16270874.0,453.8276,438220
2024-07-15,MSFT,453.3,457.26,451.43,453.96,14429447.0,453.9164,410307
2024-07-16,MSFT,454.22,454.3,446.66,449.52,17175679.0,449.2642,462050
2024-07-17,MSFT,442.59,444.85,439.18,443.52,21754021.0,442.4715,541859
2024-07-18,MSFT,444.34,444.65,434.4,440.37,20532222.0,438.845,512512
2024-07-19,MSFT,433.1,441.14,432.0,437.11,20805117.0,436.7164,483490
2024-07-22,MSFT,441.79,444.6,438.9125,442.94,15808755.0,442.5844,405669
2024-07-23,MSFT,443.895,448.39,443.1,444.85,13068650.0,445.1976,316400
2024-07-24,MSFT,440.45,441.48,427.585,428.9,26805800.0,431.0394,550695
2024-07-25,MSFT,428.8,429.8,417.51,418.4,29943795.0,422.0261,618079
2024-07-26,MSFT,418.2,428.915,417.27,425.27,23583839.0,424.2656,437364
2024-07-29,MSFT,431.58,432.15,424.7042,426.73,15125836.0,427.3855,372627
2024-07-30,MSFT,427.72,429.05,417.36,422.92,32570678.0,416.1422,673244
2024-07-31,MSFT,420.495,421.775,412.21,418.35,42891366.0,417.4317,812250
2024-08-01,MSFT,420.785,427.46,413.0901,417.11,30278800.0,419.1803,570643
2024-08-02,MSFT,412.49,415.0,404.34,408.49,29393500.0,407.4879,640100
2024-08-05,MSFT,389.17,401.04,385.58,395.15,40700988.0,394.8185,911325
2024-08-06,MSFT,400.0,405.67,398.5,399.61,24438725.0,401.5433,523889
2024-08-07,MSFT,408.635,410.08,397.47,398.43,20611706.0,402.4834,434280
2024-08-08,MSFT,402.44,405.86,399.9407,402.69,20203030.0,402.8599,388851
2024-08-09,MSFT,404.03,408.05,402.2624,406.02,19276666.0,405.4199,329992
2024-08-12,MSFT,407.06,408.76,404.2434,406.81,16762883.0,406.4858,338061
2024-08-13,MSFT,409.59,414.95,409.57,414.01,19414271.0,413.2735,338600
2024-08-14,MSFT,414.8,417.72,412.4456,416.86,18216980.0,416.0935,318419
2024-08-15,MSFT,419.8,421.11,417.66,421.03,20731684.0,420.0451,345853
2024-08-16,MSFT,420.6,421.34,417.3,418.47,22775593.0,419.0297,326153
2024-08-19,MSFT,418.96,421.75,416.46,421.53,15233957.0,419.8896,325670
2024-08-20,MSFT,421.7,425.86,421.64,424.8,16387581.0,423.8665,311630
2024-08-21,MSFT,424.075,426.4,421.72,424.14,16067298.0,423.8693,299663
2024-08-22,MSFT,424.36,426.7899,414.61,415.55,19318751.0,417.7496,385368
2024-08-23,MSFT,416.98,419.26,412.09,416.79,18463784.0,416.086,366473
2024-08-26,MSFT,416.365,417.2799,411.34,413.49,13145630.0,413.7626,330243
2024-08-27,MSFT,412.86,414.36,410.25,413.84,13492911.0,413.0336,286626
2024-08-28,MSFT,414.88,415.0,407.31,410.6,14882660.0,410.4105,329368
2024-08-29,MSFT,414.94,422.05,410.6,413.12,17041441.0,416.2485,355289
2024-08-30,MSFT,415.6,417.49,412.13,417.14,24306124.0,416.0141,314931
2024-09-03,MSFT,417.91,419.88,407.03,409.44,20313603.0,411.6991,430855
2024-09-04,MSFT,405.91,411.24,404.37,408.9,15123006.0,408.5289,359709
2024-09-05,MSFT,407.62,413.1,406.13,408.39,14165816.0,408.7287,330521
2024-09-06,MSFT,409.06,410.65,400.8,401.7,19609526.0,402.8702,399098
2024-09-09,MSFT,407.24,408.65,402.15,405.72,15295134.0,405.0266,339753
2024-09-10,MSFT,408.2,416.33,407.7,414.2,19594287.0,413.0725,366321
2024-09-11,MSFT,415.5,423.99,409.58,423.04,19266923.0,418.9496,375561
2024-09-12,MSFT,423.31,427.3692,419.75,427.0,17418759.0,424.5033,366812
2024-09-13,MSFT,425.825,431.83,425.46,430.59,15874555.0,429.756,318566
2024-09-16,MSFT,430.6,433.53,428.22,431.34,13834697.0,430.8632,348083
2024-09-17,MSFT,440.23,441.85,432.27,435.15,18874231.0,436.4993,408698
2024-09-18,MSFT,435.0,436.03,430.41,430.81,18893102.0,432.2289,372053
2024-09-19,MSFT,441.225,441.5,436.9,438.69,21706559.0,438.9613,381618
2024-09-20,MSFT,437.22,439.24,434.22,435.27,55167106.0,435.7181,336295
2024-09-23,MSFT,434.28,436.46,430.3889,433.51,15128891.0,433.7558,295250
2024-09-24,MSFT,433.0,433.35,426.1,429.17,17015754.0,429.1302,339671
2024-09-25,MSFT,429.83,433.119,428.57,432.11,13396364.0,431.4952,285258
2024-09-26,MSFT,435.085,435.3,429.13,431.31,14492044.0,431.1754,265509
2024-09-27,MSFT,431.52,431.85,427.47,428.02,14887131.0,429.0287,285451
2024-09-30,MSFT,428.21,430.42,425.37,430.3,16854606.0,428.7332,331755
2024-10-01,MSFT,428.45,428.48,418.81,420.69,19075945.0,421.6865,426463
2024-10-02,MSFT,422.58,422.82,416.71,417.13,16580607.0,418.0579,365270
2024-10-03,MSFT,417.63,419.55,414.29,416.54,13686421.0,416.6199,315114
2024-10-04,MSFT,418.24,419.75,414.97,416.06,19190913.0,416.778,356081
2024-10-07,MSFT,416.0,417.11,409.0,409.54,20919761.0,412.0843,442060
2024-10-08,MSFT,410.9,415.66,408.17,414.71,19229261.0,413.4927,314547
2024-10-09,MSFT,415.86,420.38,414.3,417.46,14974257.0,417.5639,334168
2024-10-10,MSFT,415.225,417.35,413.15,415.84,13843016.0,415.5647,304246
2024-10-11,MSFT,416.135,417.13,413.25,416.32,14144944.0,415.5294,318356
2024-10-14,MSFT,417.77,424.04,417.52,419.14,16650986.0,420.1285,358011
2024-10-15,MSFT,422.18,422.48,415.26,418.74,18900201.0,418.323,375124
2024-10-16,MSFT,415.17,416.36,410.48,416.12,15508832.0,414.8877,361155
2024-10-17,MSFT,422.36,422.5,415.59,416.72,13812404.0,417.3972,295682
2024-10-18,MSFT,417.14,419.65,416.2601,418.16,17142917.0,417.7168,275276
2024-10-21,MSFT,416.12,418.96,413.7501,418.78,14206115.0,417.1892,321051
2024-10-22,MSFT,418.49,430.5793,418.04,427.51,25482197.0,426.7548,447344
2024-10-23,MSFT,430.855,431.08,422.53,424.6,19654379.0,426.5163,396249
2024-10-24,MSFT,425.325,425.9782,422.4,424.73,13581631.0,424.6022,276493
2024-10-25,MSFT,426.76,432.52,426.565,428.15,16864064.0,429.3278,342362
2024-10-28,MSFT,431.655,431.94,426.3,426.59,14764444.0,428.0163,354172
2024-10-29,MSFT,428.0,433.17,425.8001,431.95,17644080.0,430.9784,340970
2024-10-30,MSFT,437.435,438.5,432.1,432.53,29739549.0,434.1576,641184
2024-10-31,MSFT,415.36,416.16,406.3,406.35,53966959.0,408.9502,1064120
2024-11-01,MSFT,409.01,415.5,407.5,410.37,23238042.0,411.478,493618
2024-11-04,MSFT,409.8,410.415,405.5713,408.46,19668386.0,408.2888,416116
2024-11-05,MSFT,408.37,414.9,408.08,411.46,17626011.0,412.1072,267936
2024-11-06,MSFT,412.42,420.45,410.52,420.18,26681660.0,417.8695,533382
2024-11-07,MSFT,421.28,426.85,419.88,425.43,19901782.0,424.4622,404175
2024-11-08,MSFT,425.32,426.5,421.78,422.54,16891414.0,423.3528,354091
2024-11-11,MSFT,422.515,424.81,416.0,418.01,24403321.0,419.0008,365321
2024-11-12,MSFT,418.25,424.44,417.2,423.03,19401204.0,421.7267,340411
2024-11-13,MSFT,421.64,429.325,418.21,425.2,21502185.0,424.5944,341868
2024-11-14,MSFT,425.0,428.17,420.0,426.89,30246881.0,426.1542,380238
2024-11-15,MSFT,419.82,422.8,413.64,415.0,28227644.0,416.325,381329
2024-11-18,MSFT,414.87,418.4037,412.1,415.76,24742013.0,415.8283,281885
2024-11-19,MSFT,413.11,417.94,411.55,417.79,18133529.0,415.6886,276550
2024-11-20,MSFT,416.87,417.29,410.58,415.49,19041655.0,414.6301,285465
2024-11-21,MSFT,419.5,419.78,410.2887,412.87,20780162.0,413.6233,335479
2024-11-22,MSFT,411.365,417.4,411.06,417.0,24814626.0,415.0652,284577
2024-11-25,MSFT,418.38,421.08,414.85,418.79,27691090.0,417.9725,313167
2024-11-26,MSFT,419.585,429.0414,418.85,427.99,23458889.0,425.8962,347123
2024-11-27,MSFT,425.105,427.2299,422.02,422.99,18332444.0,423.9028,261034
2024-11-29,MSFT,420.09,424.8849,417.8,423.46,16271921.0,422.4302,210576
2024-12-02,MSFT,421.57,433.0,421.31,430.98,20207223.0,430.1369,334918
2024-12-03,MSFT,429.84,432.47,427.74,431.2,18301987.0,430.7276,268208
2024-12-04,MSFT,433.03,439.67,432.63,437.42,25991579.0,437.2168,350818
2024-12-05,MSFT,437.92,444.66,436.171,442.62,21697775.0,441.7255,328792
2024-12-06,MSFT,442.3,446.1,441.7703,443.57,18804202.0,443.6461,277266
2024-12-09,MSFT,442.6,448.33,440.5,446.02,19144388.0,445.5064,318830
2024-12-10,MSFT,444.39,449.62,441.6,443.33,18469459.0,444.7309,309314
2024-12-11,MSFT,444.05,450.35,444.05,448.99,19200208.0,448.5603,272368
2024-12-12,MSFT,449.11,456.1648,449.11,449.56,20798079.0,451.6297,319759
2024-12-13,MSFT,448.435,451.43,445.58,447.27,20177833.0,447.5519,272450
2024-12-16,MSFT,447.27,452.18,445.28,451.59,23598834.0,449.8127,317809
2024-12-17,MSFT,451.01,455.29,449.57,454.46,22729194.0,453.7486,320718
2024-12-18,MSFT,451.32,452.65,437.02,437.39,24444545.0,443.8735,390068
2024-12-19,MSFT,441.62,443.1834,436.32,437.03,22910131.0,438.837,327734
2024-12-20,MSFT,433.11,443.74,428.63,436.6,64144494.0,436.256,365997
2024-12-23,MSFT,436.74,437.65,432.83,435.25,19152519.0,435.0529,267110
2024-12-24,MSFT,434.65,439.6,434.19,439.33,7164543.0,437.9834,132584
2024-12-26,MSFT,439.08,440.94,436.63,438.11,8199927.0,438.6297,181124
2024-12-27,MSFT,434.6,435.22,426.35,430.53,18111063.0,429.704,317975
2024-12-30,MSFT,426.06,427.55,421.9,424.83,13158703.0,425.2348,283674
2024-12-31,MSFT,426.1,426.73,420.66,421.5,13246509.0,422.5086,229686
2025-01-02,MSFT,425.53,426.07,414.85,418.58,16896469.0,419.6368,353076
2025-01-03,MSFT,421.08,424.03,419.54,423.35,16662943.0,422.5164,285046
2025-01-06,MSFT,428.0,434.32,425.4774,427.85,20573648.0,428.8399,372816
2025-01-07,MSFT,429.0,430.65,420.8,422.37,18139065.0,424.3997,299265
2025-01-08,MSFT,423.46,426.97,421.54,424.56,15046575.0,424.4545,249659
2025-01-10,MSFT,424.63,424.71,415.02,418.95,20162632.0,419.2559,360659
2025-01-13,MSFT,415.235,418.5,412.29,417.19,17604780.0,415.8274,305299
2025-01-14,MSFT,417.81,419.74,410.72,415.67,16927056.0,415.4723,291482
2025-01-15,MSFT,419.13,428.15,418.265,426.31,19637838.0,425.5384,306574
2025-01-16,MSFT,428.695,429.49,424.39,424.58,15296423.0,426.1059,247930
2025-01-17,MSFT,434.085,434.48,428.17,429.03,26197507.0,430.6367,280168
2025-01-21,MSFT,430.2,430.8999,425.595,428.5,26085703.0,428.5769,389324
2025-01-22,MSFT,437.56,447.27,436.0,446.2,27803811.0,442.944,463559
2025-01-23,MSFT,442.0,446.75,441.5048,446.71,18376270.0,444.9193,281368
2025-01-24,MSFT,445.16,446.65,441.4,444.06,15549453.0,444.0559,269540
2025-01-27,MSFT,424.01,435.2,423.5,434.56,35636555.0,430.0458,646790
2025-01-28,MSFT,434.6,448.38,431.38,447.2,23487653.0,443.6582,419472
2025-01-29,MSFT,446.69,446.88,440.4,442.33,23581370.0,439.3597,466063
2025-01-30,MSFT,418.77,422.86,413.16,414.99,54585060.0,416.3876,1142722
2025-01-31,MSFT,418.98,420.69,414.91,415.06,34223388.0,416.8028,567270
2025-02-03,MSFT,411.6,415.41,408.66,410.92,25658899.0,411.9182,505729
2025-02-04,MSFT,412.685,413.9199,409.74,412.37,20299996.0,412.0606,354120
2025-02-05,MSFT,412.35,413.827,410.4,413.29,16336188.0,412.5466,311862
2025-02-06,MSFT,414.0,418.2,414.0,415.82,16309355.0,416.0424,289457
2025-02-07,MSFT,416.48,418.65,408.1,409.75,22886844.0,411.3369,437552
2025-02-10,MSFT,413.71,415.4624,410.92,412.22,20817919.0,412.7279,291373
2025-02-11,MSFT,409.64,412.49,409.3,411.44,18140592.0,411.1454,242310
2025-02-12,MSFT,407.21,410.75,404.3673,409.04,19116234.0,408.8349,328184
2025-02-13,MSFT,407.0,411.0,406.36,410.54,23891731.0,409.5178,327103
2025-02-14,MSFT,407.79,408.91,405.88,408.43,22758464.0,407.6562,366188
2025-02-18,MSFT,408.0,410.597,406.5,409.64,21423051.0,408.9786,342340
2025-02-19,MSFT,407.88,415.49,407.65,414.77,24114197.0,412.2135,372874
2025-02-20,MSFT,415.29,419.31,412.54,416.13,23153728.0,416.3431,395745
2025-02-21,MSFT,417.335,418.048,407.89,408.21,27489199.0,411.483,385138
2025-02-24,MSFT,408.51,409.37,399.32,404.0,26443656.0,403.4592,514485
2025-02-25,MSFT,401.1,401.915,396.7,397.9,29037402.0,398.8944,492989
2025-02-26,MSFT,398.01,403.6,394.245,399.73,19618954.0,399.6276,327110
2025-02-27,MSFT,401.265,405.74,392.17,392.53,21127406.0,396.2031,377155
2025-02-28,MSFT,392.655,397.63,386.57,396.99,32743258.0,393.9828,432227
2025-03-03,MSFT,398.82,398.82,386.155,388.49,23007726.0,391.4831,451463
2025-03-04,MSFT,383.4,392.58,381.0,388.61,29342923.0,386.7008,553952
2025-03-05,MSFT,389.34,401.67,388.81,401.02,23423292.0,397.0465,404518
2025-03-06,MSFT,394.28,402.15,392.6777,396.89,23304625.0,397.2225,393757
2025-03-07,MSFT,392.32,394.8,385.54,393.31,22030287.0,391.4961,407964
2025-03-10,MSFT,385.84,386.4,377.22,380.16,32840134.0,381.0032,703151
2025-03-11,MSFT,379.0,386.0,376.91,380.45,30380177.0,381.3124,470076
2025-03-12,MSFT,382.95,385.2165,378.9507,383.27,24253567.0,382.6306,418282
2025-03-13,MSFT,383.155,385.32,377.45,378.77,20473017.0,379.9685,369783
2025-03-14,MSFT,379.775,390.23,379.51,388.56,19943496.0,386.5966,335259
2025-03-17,MSFT,386.7,392.705,385.57,388.7,22474272.0,388.9763,330043
2025-03-18,MSFT,387.07,387.37,381.1,383.52,19486100.0,383.4213,319253
2025-03-19,MSFT,385.525,389.68,384.0,387.82,19185532.0,386.9789,259928
2025-03-20,MSFT,385.735,391.785,383.28,386.84,18470542.0,387.128,277903
2025-03-21,MSFT,383.215,391.74,382.8,391.26,39671128.0,387.9622,312807
2025-03-24,MSFT,395.4,395.4,389.81,393.08,21004548.0,392.7781,339161
2025-03-25,MSFT,393.915,396.36,392.64,395.16,15774968.0,394.8219,262247
2025-03-26,MSFT,395.0,395.31,388.57,389.97,16130106.0,391.4986,283678
2025-03-27,MSFT,390.13,392.24,387.395,390.58,13766761.0,390.406,240016
2025-03-28,MSFT,388.08,389.13,376.93,378.8,21632016.0,380.4626,420396
2025-03-31,MSFT,372.535,377.07,367.24,375.39,35184676.0,372.9851,509405
2025-04-01,MSFT,374.65,382.85,373.23,382.19,19683803.0,380.0484,404619
2025-04-02,MSFT,377.965,385.08,376.62,382.14,16092555.0,381.7201,320479
2025-04-03,MSFT,374.785,377.48,369.35,373.11,30196247.0,373.8726,569671
2025-04-04,MSFT,364.125,374.59,359.48,359.84,49209854.0,364.7524,811766
2025-04-07,MSFT,350.88,370.9999,344.79,357.86,50424998.0,356.0197,911613
2025-04-08,MSFT,368.255,373.65,350.25,354.56,35868918.0,361.4573,627042
2025-04-09,MSFT,353.535,393.225,353.1,390.49,50199696.0,379.0287,767323
2025-04-10,MSFT,382.06,383.9,367.8,381.35,38014918.0,378.8979,576387
2025-04-11,MSFT,380.635,390.05,378.89,388.45,23239220.0,386.4732,375873
2025-04-14,MSFT,393.22,394.65,384.21,387.81,19230622.0,388.9926,334133
2025-04-15,MSFT,388.505,391.89,384.1599,385.73,17189890.0,386.9039,272410
2025-04-16,MSFT,380.67,381.61,368.0,371.61,21950776.0,373.9289,375760
2025-04-17,MSFT,373.745,374.3215,366.89,367.78,21120192.0,370.1449,310300
2025-04-21,MSFT,362.815,364.48,355.67,359.12,20804729.0,359.2347,343816
2025-04-22,MSFT,363.375,367.77,359.8602,366.82,19484993.0,365.2278,304006
2025-04-23,MSFT,376.06,380.39,373.02,374.39,20545514.0,376.1582,335408
2025-04-24,MSFT,375.695,388.45,375.19,387.3,22231329.0,385.1451,297800
2025-04-25,MSFT,387.0,392.16,384.6,391.85,18966235.0,390.0004,276679
2025-04-28,MSFT,391.955,392.74,386.638,391.16,16579430.0,390.2477,274916
2025-04-29,MSFT,391.3,395.1,390.38,394.04,14973976.0,393.5949,249780
2025-04-30,MSFT,390.3,396.66,384.44,395.26,36442575.0,397.3134,525134
2025-05-01,MSFT,431.11,436.99,424.9,425.4,58878100.0,430.3157,913597
2025-05-02,MSFT,431.74,439.44,429.985,435.28,30757434.0,435.5067,542335
2025-05-05,MSFT,432.87,439.5,432.11,436.17,20136053.0,436.5349,328657
2025-05-06,MSFT,432.2,437.73,431.17,433.31,15104204.0,434.4002,297624
2025-05-07,MSFT,433.84,438.12,431.1103,433.35,23307241.0,433.8398,330269
2025-05-08,MSFT,437.93,443.67,435.66,438.17,23491330.0,439.1835,380141
2025-05-09,MSFT,440.0,440.74,435.88,438.73,15324233.0,438.262,247739
2025-05-12,MSFT,445.94,449.37,439.78,449.26,22821935.0,445.9953,417124
2025-05-13,MSFT,447.78,450.6733,445.36,449.14,23618819.0,448.6023,406705
2025-05-14,MSFT,448.14,453.9,448.14,452.94,19902796.0,452.1864,378377
2025-05-15,MSFT,450.765,456.19,450.4301,453.13,21992323.0,453.4481,364866
2025-05-16,MSFT,452.05,454.36,448.73,454.27,23849781.0,452.1762,329065
2025-05-19,MSFT,450.875,459.585,450.8,458.87,21336509.0,457.5456,345933
2025-05-20,MSFT,455.59,458.34,454.3201,458.17,15441808.0,456.8226,257266
2025-05-21,MSFT,454.57,457.78,451.814,452.57,19216906.0,454.3728,320670
2025-05-22,MSFT,454.95,460.25,453.9,454.86,18025612.0,456.1561,334105
2025-05-23,MSFT,449.98,453.69,448.91,450.18,16883509.0,451.0242,323259
2025-05-27,MSFT,456.48,460.95,456.115,460.69,20974293.0,458.9856,362158
2025-05-28,MSFT,461.22,462.52,456.93,457.36,17086261.0,458.5505,280126
2025-05-29,MSFT,461.55,461.72,455.3105,458.68,13982211.0,458.6283,283780
2025-05-30,MSFT,459.715,461.68,455.54,460.36,34770475.0,459.8626,339757
2025-06-02,MSFT,457.14,462.11,456.89,461.97,16626495.0,461.0693,289505
2025-06-03,MSFT,461.47,464.14,460.8622,462.97,15743760.0,462.6486,306326
2025-06-04,MSFT,464.0,465.69,463.0201,463.87,14162688.0,464.2509,275697
2025-06-05,MSFT,464.955,469.65,464.03,467.68,20154460.0,467.4725,355702
2025-06-06,MSFT,470.085,473.335,468.78,470.38,15285624.0,470.8644,357963
2025-06-09,MSFT,469.7,473.43,468.62,472.75,16469932.0,471.8651,306173
2025-06-10,MSFT,471.185,472.8,466.96,470.92,15375944.0,469.9769,306084
2025-06-11,MSFT,470.02,475.47,469.655,472.62,16399176.0,473.0906,316703
2025-06-12,MSFT,475.02,480.415,473.52,478.87,18950582.0,478.0711,351653
2025-06-13,MSFT,476.41,479.18,472.76,474.96,16814456.0,475.6248,354555
2025-06-16,MSFT,475.21,480.6943,475.0,479.14,15626104.0,479.043,330452
2025-06-17,MSFT,475.395,478.7399,474.08,478.04,15414128.0,477.1437,298756
2025-06-18,MSFT,478.0,481.0,474.46,480.24,17526452.0,479.3813,310610
2025-06-20,MSFT,482.23,483.46,476.87,477.4,37576206.0,479.1043,333231
2025-06-23,MSFT,478.21,487.75,472.51,486.0,24863952.0,482.5493,472837
2025-06-24,MSFT,488.95,491.849,486.795,490.11,22305642.0,490.0008,386695
2025-06-25,MSFT,492.04,494.5556,489.39,492.27,17495099.0,492.1014,339135
2025-06-26,MSFT,492.98,498.04,492.81,497.45,21578853.0,496.3673,406492
2025-06-27,MSFT,497.55,499.3,493.03,495.94,34539236.0,496.4069,389784
2025-06-30,MSFT,497.04,500.76,495.33,497.41,28368991.0,497.6606,382627
2025-07-01,MSFT,496.47,498.05,490.98,492.05,19945375.0,493.4606,408997
2025-07-02,MSFT,489.99,493.5,488.7,491.09,16319641.0,491.1291,349990
2025-07-03,MSFT,493.81,500.13,493.44,498.84,13983866.0,498.1537,284358
2025-07-07,MSFT,497.38,498.75,495.225,497.72,13981605.0,497.3848,323380
2025-07-08,MSFT,497.24,498.2,494.11,496.62,11846586.0,496.2544,263190
2025-07-09,MSFT,500.3,506.78,499.74,503.51,18659538.0,502.6947,476934
2025-07-10,MSFT,503.05,504.44,497.75,501.48,16498740.0,501.0552,352813
2025-07-11,MSFT,498.47,505.03,497.795,503.32,16459512.0,502.7795,319261
2025-07-14,MSFT,501.515,503.97,501.03,503.02,12058848.0,502.6866,292534
2025-07-15,MSFT,503.02,508.3,502.79,505.82,14927202.0,506.0276,332086
2025-07-16,MSFT,505.18,506.72,501.89,505.62,15154374.0,504.8964,327015
2025-07-17,MSFT,505.68,513.37,505.62,511.7,17503129.0,511.3536,402536
2025-07-18,MSFT,514.48,514.64,507.43,510.05,21209666.0,510.8868,341243
2025-07-21,MSFT,506.705,512.09,505.55,510.06,14066805.0,510.12,318000
2025-07-22,MSFT,510.97,511.2,505.27,505.27,13868644.0,507.0212,293454
2025-07-23,MSFT,506.75,506.79,500.7,505.87,16396585.0,504.2314,335122
2025-07-24,MSFT,508.77,513.67,507.3,510.88,16107000.0,510.763,323765
2025-07-25,MSFT,512.465,518.29,510.3592,513.71,19125699.0,514.1993,362742
2025-07-28,MSFT,514.08,515.0,510.12,512.5,14308027.0,512.5033,329930
2025-07-29,MSFT,515.53,517.62,511.56,512.57,16469235.0,513.3429,343983
2025-07-30,MSFT,515.17,515.95,509.435,513.24,26380434.0,520.0145,517178
2025-07-31,MSFT,555.225,555.45,531.9,533.5,51617326.0,537.9712,870710
2025-08-01,MSFT,535.0,535.8,520.86,524.11,28977628.0,525.8586,623164
2025-08-04,MSFT,528.27,538.25,528.13,535.64,25349004.0,535.0885,499433
2025-08-05,MSFT,537.18,537.3,527.24,527.75,19171569.0,531.2529,370263
2025-08-06,MSFT,530.9,531.7,524.03,524.94,21355702.0,526.0351,409567
2025-08-07,MSFT,526.8,528.09,517.5511,520.84,16079144.0,522.0946,369305
2025-08-08,MSFT,522.6,524.66,519.41,522.04,15531009.0,521.9404,341360
2025-08-11,MSFT,522.3,527.59,519.72,521.77,20194372.0,522.8272,368513
2025-08-12,MSFT,523.75,530.98,522.7,529.24,18688921.0,527.7602,374255
2025-08-13,MSFT,532.11,532.7,519.37,520.58,19619160.0,524.4754,401693
2025-08-14,MSFT,522.56,525.9499,520.14,522.48,20269074.0,522.6974,371263
2025-08-15,MSFT,522.77,526.1,519.08,520.17,25213272.0,521.8961,363144
2025-08-18,MSFT,521.585,522.82,514.02,517.1,23760583.0,516.9022,508489
2025-08-19,MSFT,515.0,515.1641,508.55,509.77,21481016.0,510.4798,454138
2025-08-20,MSFT,509.865,511.0,504.44,505.72,27723025.0,506.4212,524148
2025-08-21,MSFT,503.69,507.63,502.7201,504.24,18443254.0,505.0111,361026
2025-08-22,MSFT,504.25,510.73,502.41,507.23,24324161.0,507.5152,449235
2025-08-25,MSFT,506.63,508.19,504.12,504.26,21638579.0,505.8822,372385
2025-08-26,MSFT,504.355,504.9778,498.51,502.04,30835709.0,501.6215,448740
2025-08-27,MSFT,502.0,507.29,499.9,506.74,17277893.0,504.9565,330579
2025-08-28,MSFT,507.09,511.09,505.5,509.64,18015593.0,508.788,322276
2025-08-29,MSFT,508.66,509.6,504.4915,506.69,20961569.0,507.1777,342076
2025-09-02,MSFT,500.465,506.0,496.81,505.12,18127995.0,503.0349,425061
2025-09-03,MSFT,503.79,507.79,502.32,505.35,16345078.0,504.9437,404444
2025-09-04,MSFT,504.3,508.15,503.15,507.97,15509486.0,506.8904,296435
2025-09-05,MSFT,509.07,511.97,492.37,495.0,31994846.0,496.8246,660360
2025-09-08,MSFT,498.105,501.195,495.03,498.2,16771015.0,498.6345,398106
2025-09-09,MSFT,501.43,502.25,497.7,498.41,14410542.0,499.2582,321802
2025-09-10,MSFT,502.98,503.2299,496.72,500.37,21611816.0,500.5297,472577
2025-09-11,MSFT,502.25,503.17,497.88,501.01,18881608.0,501.4612,392932
2025-09-12,MSFT,506.65,512.55,503.85,509.9,23624884.0,509.6873,465040
2025-09-15,MSFT,508.79,515.47,507.0,515.36,17143786.0,513.0943,384566
2025-09-16,MSFT,516.88,517.23,508.6,509.04,19711922.0,511.2843,430883
2025-09-17,MSFT,510.62,511.29,505.93,510.02,15816585.0,508.9381,370584
2025-09-18,MSFT,511.49,513.07,507.66,508.45,18913696.0,509.2176,387558
2025-09-19,MSFT,510.56,519.3,510.31,517.93,52474093.0,515.2262,435875
2025-09-22,MSFT,515.59,517.74,512.545,514.45,20009314.0,514.6125,462914
2025-09-23,MSFT,513.8,514.5899,507.31,509.23,19799580.0,510.0672,411011
2025-09-24,MSFT,510.38,512.48,506.92,510.15,13533711.0,509.4699,325738
2025-09-25,MSFT,508.3,510.01,505.04,507.03,15786468.0,507.4554,378180
2025-09-26,MSFT,510.06,513.94,506.62,511.46,16213129.0,510.4715,362718
2025-09-29,MSFT,511.5,516.845,508.88,514.6,17617775.0,514.4514,388795
2025-09-30,MSFT,513.24,518.16,509.66,517.95,19728229.0,516.2137,414800
2025-10-01,MSFT,514.8,520.505,511.69,519.71,22632336.0,517.2994,466544
2025-10-02,MSFT,517.64,521.6,510.6791,515.74,21222886.0,515.8554,510060
2025-10-03,MSFT,517.1,520.49,515.0,517.35,15112321.0,518.0515,415120
2025-10-06,MSFT,518.61,531.03,518.2,528.57,21388581.0,526.5819,562823
2025-10-07,MSFT,528.285,529.8,521.44,523.98,14615208.0,524.469,451279
2025-10-08,MSFT,523.28,526.95,523.09,524.85,13363447.0,524.8448,320113
2025-10-09,MSFT,522.335,524.325,517.4,522.4,18343602.0,520.935,483528
2025-10-10,MSFT,519.64,523.58,509.63,510.96,24133840.0,514.479,602518
2025-10-13,MSFT,516.41,516.41,511.68,514.05,14284238.0,513.9885,447647
2025-10-14,MSFT,510.225,515.282,506.0,513.57,14684300.0,511.9895,397821
2025-10-15,MSFT,514.955,517.19,510.0,513.43,14694654.0,514.0831,398565
2025-10-16,MSFT,512.58,516.85,508.13,511.61,15559565.0,511.9437,399531
2025-10-17,MSFT,509.04,515.48,507.31,513.58,19867765.0,512.1337,391423
2025-10-20,MSFT,514.61,518.7,513.43,516.79,14665620.0,516.6209,376013
2025-10-21,MSFT,517.5,518.69,513.04,517.66,15586204.0,516.4935,384136
2025-10-22,MSFT,521.15,525.23,517.71,520.54,18962694.0,521.5607,469076
2025-10-23,MSFT,522.46,523.95,518.61,520.56,14023532.0,521.6706,355990
2025-10-24,MSFT,522.79,525.345,520.71,523.61,15532260.0,523.7012,387994
2025-10-27,MSFT,531.78,534.58,529.01,531.52,18734716.0,531.9508,504266
2025-10-28,MSFT,550.0,553.72,540.77,542.07,29986683.0,544.7337,748563
2025-10-29,MSFT,544.94,546.27,536.7287,541.55,36023004.0,537.0698,876833
2025-10-30,MSFT,530.48,534.97,522.12,525.76,41023088.0,527.0731,978101
2025-10-31,MSFT,528.875,529.32,515.1,517.81,34006324.0,518.6618,809499
2025-11-03,MSFT,519.805,524.96,514.59,517.03,22374742.0,518.5417,684446
2025-11-04,MSFT,511.76,515.55,507.84,514.33,20958663.0,513.1669,611336
2025-11-05,MSFT,513.3,514.83,506.575,507.16,23024342.0,509.0006,655631
2025-11-06,MSFT,505.66,505.7,495.81,497.1,27406496.0,498.6111,835591
2025-11-07,MSFT,496.945,499.377,493.25,496.82,24019744.0,496.093,676491
2025-11-10,MSFT,500.035,506.85,498.8,506.0,26101380.0,504.2603,576105
2025-11-11,MSFT,504.8,509.6,502.3488,508.68,17980020.0,507.3212,434833
2025-11-12,MSFT,509.355,511.67,499.1201,511.14,26574851.0,507.8895,640096
2025-11-13,MSFT,510.31,513.5,501.29,503.29,25273114.0,506.1088,594503
2025-11-14,MSFT,498.23,511.6,497.44,510.18,28505746.0,507.4492,591910
2025-11-17,MSFT,508.45,512.12,504.91,507.49,19092752.0,507.8177,498403
2025-11-18,MSFT,495.365,502.98,486.78,493.79,33814974.0,493.6564,879184
2025-11-19,MSFT,490.1,495.1872,482.83,487.12,23245311.0,488.0868,651534
2025-11-20,MSFT,492.71,493.57,475.5,478.43,26802442.0,482.9515,772527
2025-11-21,MSFT,478.5,478.92,468.27,472.12,31769248.0,473.5108,774235
2025-11-24,MSFT,475.0,476.9,468.02,474.0,34421036.0,473.904,682363
2025-11-25,MSFT,474.07,479.15,464.89,476.99,28019793.0,474.4146,665024
2025-11-26,MSFT,486.31,488.31,481.2,485.5,25709079.0,485.2468,616093
2025-11-28,MSFT,487.595,492.63,486.65,492.01,14386670.0,490.8898,358541
2025-12-01,MSFT,488.435,489.8599,484.6475,486.74,23963993.0,487.3305,525085
2025-12-02,MSFT,486.715,493.4999,486.32,490.0,19562722.0,490.0462,455118
2025-12-03,MSFT,476.32,484.24,475.2,477.73,34614900.0,479.4554,853364
2025-12-04,MSFT,479.76,481.322,476.49,480.84,22318073.0,479.2534,541914
2025-12-05,MSFT,482.515,483.4,478.8801,483.16,22608610.0,482.066,502238
2025-12-08,MSFT,484.885,492.3,484.38,491.02,21965785.0,490.0518,535441
2025-12-09,MSFT,489.1,492.12,488.5001,492.02,14696078.0,491.0912,386726
2025-12-10,MSFT,484.03,484.25,475.08,478.56,35748552.0,479.0555,825367
2025-12-11,MSFT,476.63,486.03,475.86,483.47,24669020.0,482.1436,586358
2025-12-12,MSFT,479.82,482.45,476.34,478.53,21248090.0,478.684,534469
2025-12-15,MSFT,480.1,480.7205,472.52,474.82,23727694.0,475.0111,566393
2025-12-16,MSFT,471.905,477.89,470.88,476.39,20705547.0,475.2225,496523
2025-12-17,MSFT,476.905,480.0,475.0,476.12,24526971.0,476.9139,517847
2025-12-18,MSFT,478.19,489.6,477.89,483.98,28573445.0,484.5385,533877
2025-12-19,MSFT,487.36,487.85,482.49,485.92,70835999.0,485.9205,497221
2025-12-22,MSFT,486.12,488.73,482.69,484.92,16962915.0,485.1081,464420
2025-12-23,MSFT,484.98,487.83,484.74,486.85,14683482.0,486.6407,396954
2025-12-24,MSFT,485.68,489.1625,484.83,488.02,5855880.0,487.7332,227230
2025-12-26,MSFT,486.705,488.12,485.96,487.71,8842175.0,487.3137,329437
2025-12-29,MSFT,484.855,488.35,484.18,487.1,10893408.0,486.6261,390374
2025-12-30,MSFT,485.93,489.68,485.5,487.48,13944512.0,487.8692,379694
2025-12-31,MSFT,487.84,488.14,483.3,483.62,15601554.0,484.5247,352600
2026-01-02,MSFT,484.385,484.66,470.16,472.94,25571567.0,474.5256,716522
2026-01-05,MSFT,474.055,476.07,469.5,472.85,25250260.0,473.3783,685144
2026-01-06,MSFT,473.8,478.7367,469.75,478.51,23037665.0,475.7775,537703
2026-01-07,MSFT,479.755,489.7,477.95,483.47,25564196.0,485.1659,571626
2026-01-08,MSFT,481.24,482.66,475.86,478.11,18162616.0,478.1025,460153
2026-01-09,MSFT,474.06,479.82,472.2001,479.28,18491036.0,477.1487,472141
2026-01-12,MSFT,476.67,480.99,475.6803,477.18,23519895.0,478.0578,495629
2026-01-13,MSFT,474.675,475.7799,465.95,470.67,28545800.0,469.7192,739726
2026-01-14,MSFT,466.46,468.2,457.1701,459.38,28184302.0,460.9882,792317
2026-01-15,MSFT,464.12,464.25,455.9,456.66,23225839.0,458.5446,677780
2026-01-16,MSFT,457.83,463.19,456.48,459.86,34246650.0,460.0301,540455
2026-01-20,MSFT,451.215,456.8,449.28,454.52,26129992.0,453.8333,740676
2026-01-21,MSFT,452.595,452.69,438.68,444.11,37980510.0,445.2089,966804
2026-01-22,MSFT,447.62,452.84,444.7,451.14,25349378.0,449.5396,626459
2026-01-23,MSFT,451.87,471.1,450.53,465.95,38000159.0,465.3579,799396
2026-01-26,MSFT,465.305,474.25,462.0,470.28,29291235.0,470.4777,619099
2026-01-27,MSFT,473.7,482.87,473.16,480.58,29213923.0,479.4532,684604
2026-01-28,MSFT,483.21,483.74,478.0,481.63,36875403.0,473.6499,932950
2026-01-29,MSFT,439.99,442.5,421.02,433.5,128855323.0,428.9283,3179712
2026-01-30,MSFT,439.17,439.6,426.45,430.29,58566819.0,431.5956,1273003
2026-02-02,MSFT,430.235,430.736,422.25,423.37,42219858.0,425.284,1020958
2026-02-03,MSFT,422.01,422.05,408.56,411.21,61424123.0,412.3983,1443618
2026-02-04,MSFT,411.0,419.8,409.24,414.19,45012374.0,414.5297,1052301
2026-02-05,MSFT,407.44,408.3,392.32,393.67,66289247.0,398.9349,1593932
2026-02-06,MSFT,399.165,401.79,392.92,401.14,53515311.0,398.4441,1216381
2026-02-09,MSFT,404.85,414.89,400.87,413.6,45480526.0,411.4821,959940
2026-02-10,MSFT,419.62,423.68,412.7,413.27,44857850.0,416.8281,816334
2026-02-11,MSFT,416.175,416.46,401.01,404.37,42491012.0,405.2089,920297
2026-02-12,MSFT,405.0,406.2,398.01,401.84,40802362.0,402.3565,872073
2026-02-13,MSFT,404.45,405.54,398.05,401.32,34091553.0,401.9355,729478
2026-02-17,MSFT,399.22,400.52,394.525,396.86,32078794.0,397.1327,758527
2026-02-18,MSFT,398.13,402.56,396.32,399.6,23223417.0,400.0194,600699
2026-02-19,MSFT,400.69,404.43,396.67,398.46,28234001.0,399.2454,654521
2026-02-20,MSFT,396.11,400.1159,395.16,397.23,34015249.0,397.4019,731919
2026-02-23,MSFT,395.0,395.36,383.1,384.47,43238273.062546,386.7775,1166464
2026-02-24,MSFT,384.14,389.36,381.71,389.0,33884653.915604,387.3073,743750
2026-02-25,MSFT,390.525,401.47,390.16,400.6,43625483.46611,397.9011,917541
2026-02-26,MSFT,404.71,407.49,398.74,401.72,34405869.720193,401.8816,777464
2026-02-27,MSFT,390.88,396.82,389.88,392.74,51367196.81918,393.3705,881208
2026-03-02,MSFT,392.855,401.19,390.63,398.55,35474907.970181,397.8568,731903
2026-03-03,MSFT,393.14,406.7,392.67,403.93,38199209.472429,401.2298,803937
2026-03-04,MSFT,401.265,411.0326,400.31,405.2,35807990.000529,406.1868,770128
2026-03-05,MSFT,404.42,411.61,404.4,410.68,39001315.71792,409.2463,785744
2026-03-06,MSFT,409.2,413.05,408.5101,408.96,31123859.547825,410.1868,673202
2026-03-09,MSFT,404.915,410.21,403.5,409.41,30131854.301986,407.3066,694613
2026-03-10,MSFT,410.03,410.2,402.93,405.76,31706375.43029,405.6429,696157
2026-03-11,MSFT,405.57,409.01,401.59,404.88,25512139.087906,404.6505,572667
2026-03-12,MSFT,404.63,406.12,401.71,401.86,27263886.717704,403.3788,586596
2026-03-13,MSFT,401.0,404.8,394.25,395.55,26848000.608886,397.3884,697922
2026-03-16,MSFT,398.07,400.63,394.79,399.95,27733721.459954,398.6022,632337
2026-03-17,MSFT,400.27,404.4,397.745,399.41,26227450.238334,399.6352,523763
2026-03-18,MSFT,397.125,398.0,391.0,391.79,25908484.995436,393.6016,645384
2026-03-19,MSFT,390.1,392.49,387.06,389.02,25138772.328975,389.2001,659116
2026-03-20,MSFT,386.79,387.0,380.12,381.87,50837100.197361,383.0875,800890
2026-03-23,MSFT,383.9,387.21,381.68,383.0,29680059.154846,383.9105,723261
2026-03-24,MSFT,382.36,382.47,371.85,372.74,42733625.355891,374.0247,1011806
2026-03-25,MSFT,376.92,377.06,369.63,371.04,31181163.896107,371.8265,803786
2026-03-26,MSFT,370.815,374.7199,365.19,365.97,36836574.87119,368.4091,842975
2026-03-27,MSFT,361.9,362.45,356.51,356.77,37883400.510454,358.5856,981898
2026-03-30,MSFT,361.895,365.36,356.28,358.96,44797002.987826,360.3309,938526
2026-03-31,MSFT,364.55,372.9,363.07,370.17,45244365.982645,368.3988,899552
2026-04-01,MSFT,373.49,373.99,368.2,369.37,29417206.624666,370.676,742549
2026-04-02,MSFT,367.205,373.64,364.15,373.46,24099067.120161,370.5386,586928
2026-04-06,MSFT,373.49,373.73,369.5014,372.88,16146572.458327,372.3108,505549
2026-04-07,MSFT,370.34,372.45,366.56,372.29,21443349.332903,370.7832,549553
2026-04-08,MSFT,384.98,385.0,371.41,374.33,33064818.705678,376.8447,820928
2026-04-09,MSFT,372.5,373.5,367.05,373.07,30429045.944117,370.7781,753940
2026-04-10,MSFT,372.98,375.64,370.03,370.87,28192080.736653,371.7486,693707
2026-04-13,MSFT,373.605,384.54,371.02,384.37,35742052.467553,380.1444,793464
2026-04-14,MSFT,387.915,394.69,386.52,393.11,37504486.172106,392.2232,882216
2026-04-15,MSFT,398.0,414.3699,396.73,411.22,45063389.432509,408.2626,1059870
2026-04-16,MSFT,419.86,420.82,412.14,420.26,41642361.383222,418.1332,925936
2026-04-17,MSFT,424.82,431.58,420.69,422.79,48568190.30201,425.226,985985
2026-04-20,MSFT,421.145,423.33,416.3,418.07,26828404.63292,418.4988,575094
2026-04-21,MSFT,420.24,427.18,417.2,424.16,32038475.86148,424.4974,705138
2026-04-22,MSFT,426.185,433.7,423.67,432.92,29378173.360711,430.9255,671134
2026-04-23,MSFT,419.885,423.66,411.4101,415.75,38307959.504469,417.6302,890051
2026-04-24,MSFT,416.97,424.95,415.8,424.62,27489557.960788,421.4338,603568
2026-04-27,MSFT,422.375,427.11,417.0701,424.82,30780935.358905,423.2382,655728
